# hostname;interval;timestamp;kbmemfree;kbmemused;%memused;kbbuffers;kbcached;kbcommit;%commit;kbactive;kbinact;kbdirty
isaacpi;1;2017-03-22 19:09:28 UTC;307248;640484;67.58;32112;228212;1060604;101.00;463544;140436;132
isaacpi;1;2017-03-22 19:09:29 UTC;305700;642032;67.74;32124;228304;1060604;101.00;465508;140200;144
isaacpi;1;2017-03-22 19:09:30 UTC;301296;646436;68.21;32124;228316;1060604;101.00;469824;140204;156
isaacpi;1;2017-03-22 19:09:31 UTC;295872;651860;68.78;32124;228328;1062588;101.19;475252;140204;92
isaacpi;1;2017-03-22 19:09:32 UTC;295840;651892;68.78;32124;228340;1065244;101.44;475276;140204;104
isaacpi;1;2017-03-22 19:09:33 UTC;294104;653628;68.97;32132;228336;1065244;101.44;476964;140208;104
isaacpi;1;2017-03-22 19:09:34 UTC;293816;653916;69.00;32140;228352;1068112;101.71;477124;140204;184
isaacpi;1;2017-03-22 19:09:35 UTC;293736;653996;69.01;32140;228372;1068112;101.71;477256;140180;204
isaacpi;1;2017-03-22 19:09:36 UTC;293736;653996;69.01;32140;228384;1068112;101.71;477268;140180;216
isaacpi;1;2017-03-22 19:09:37 UTC;293768;653964;69.00;32140;228396;1068112;101.71;477280;140180;228
isaacpi;1;2017-03-22 19:09:38 UTC;293768;653964;69.00;32148;228404;1068112;101.71;477288;140184;236
isaacpi;1;2017-03-22 19:09:39 UTC;293612;654120;69.02;32148;228416;1068112;101.71;477308;140180;248
isaacpi;1;2017-03-22 19:09:40 UTC;293644;654088;69.02;32148;228428;1068112;101.71;477320;140180;260
isaacpi;1;2017-03-22 19:09:41 UTC;293644;654088;69.02;32148;228440;1068112;101.71;477340;140184;260
isaacpi;1;2017-03-22 19:09:42 UTC;293620;654112;69.02;32148;228448;1068112;101.71;477340;140184;268
isaacpi;1;2017-03-22 19:09:43 UTC;293620;654112;69.02;32156;228460;1068112;101.71;477352;140180;280
isaacpi;1;2017-03-22 19:09:44 UTC;293652;654080;69.02;32156;228472;1068112;101.71;477376;140180;292
isaacpi;1;2017-03-22 19:09:45 UTC;293668;654064;69.01;32156;228484;1068112;101.71;477376;140180;304
isaacpi;1;2017-03-22 19:09:46 UTC;293716;654016;69.01;32156;228496;1068112;101.71;477388;140180;316
isaacpi;1;2017-03-22 19:09:47 UTC;293716;654016;69.01;32156;228504;1068112;101.71;477396;140184;324
isaacpi;1;2017-03-22 19:09:48 UTC;293560;654172;69.02;32164;228516;1068112;101.71;477408;140180;336
isaacpi;1;2017-03-22 19:09:49 UTC;293592;654140;69.02;32164;228528;1068112;101.71;477460;140180;348
isaacpi;1;2017-03-22 19:09:50 UTC;293560;654172;69.02;32164;228540;1068112;101.71;477472;140180;360
isaacpi;1;2017-03-22 19:09:51 UTC;293560;654172;69.02;32164;228552;1068112;101.71;477484;140180;372
isaacpi;1;2017-03-22 19:09:52 UTC;293592;654140;69.02;32164;228560;1068112;101.71;477492;140184;380
isaacpi;1;2017-03-22 19:09:53 UTC;293468;654264;69.03;32172;228572;1068112;101.71;477504;140180;392
isaacpi;1;2017-03-22 19:09:54 UTC;293476;654256;69.03;32172;228584;1068112;101.71;477524;140180;404
isaacpi;1;2017-03-22 19:09:55 UTC;292816;654916;69.10;32172;228596;1069052;101.80;477536;140180;416
isaacpi;1;2017-03-22 19:09:56 UTC;292964;654768;69.09;32172;228604;1068188;101.72;477560;140180;428
isaacpi;1;2017-03-22 19:09:57 UTC;292940;654792;69.09;32172;228616;1068188;101.72;477512;140180;440
isaacpi;1;2017-03-22 19:09:58 UTC;292940;654792;69.09;32180;228620;1068188;101.72;477524;140180;452
isaacpi;1;2017-03-22 19:09:59 UTC;292972;654760;69.09;32180;228640;1068188;101.72;477544;140180;472
isaacpi;1;2017-03-22 19:10:00 UTC;292940;654792;69.09;32180;228652;1068188;101.72;477556;140180;484
isaacpi;1;2017-03-22 19:10:01 UTC;292972;654760;69.09;32180;228660;1068188;101.72;477612;140184;108
isaacpi;1;2017-03-22 19:10:02 UTC;292972;654760;69.09;32180;228672;1068188;101.72;477624;140180;124
isaacpi;1;2017-03-22 19:10:03 UTC;292972;654760;69.09;32180;228684;1068188;101.72;477636;140180;136
isaacpi;1;2017-03-22 19:10:04 UTC;292972;654760;69.09;32188;228692;1068188;101.72;477648;140180;148
isaacpi;1;2017-03-22 19:10:05 UTC;292940;654792;69.09;32188;228704;1068188;101.72;477656;140184;156
isaacpi;1;2017-03-22 19:10:06 UTC;292940;654792;69.09;32188;228716;1068188;101.72;477668;140180;92
isaacpi;1;2017-03-22 19:10:07 UTC;292848;654884;69.10;32188;228728;1068188;101.72;477688;140180;108
isaacpi;1;2017-03-22 19:10:08 UTC;292848;654884;69.10;32188;228740;1068188;101.72;477712;140180;124
isaacpi;1;2017-03-22 19:10:09 UTC;292848;654884;69.10;32196;228752;1068188;101.72;477712;140180;148
isaacpi;1;2017-03-22 19:10:10 UTC;292816;654916;69.10;32196;228760;1068188;101.72;477720;140184;156
isaacpi;1;2017-03-22 19:10:11 UTC;292816;654916;69.10;32196;228772;1068188;101.72;477732;140180;168
isaacpi;1;2017-03-22 19:10:12 UTC;292816;654916;69.10;32196;228784;1068188;101.72;477744;140180;180
isaacpi;1;2017-03-22 19:10:13 UTC;292816;654916;69.10;32196;228796;1068188;101.72;477756;140180;192
isaacpi;1;2017-03-22 19:10:14 UTC;292848;654884;69.10;32204;228808;1068188;101.72;477764;140184;204
isaacpi;1;2017-03-22 19:10:15 UTC;292816;654916;69.10;32204;228816;1068188;101.72;477776;140184;212
isaacpi;1;2017-03-22 19:10:16 UTC;292848;654884;69.10;32204;228828;1068188;101.72;477788;140180;0
isaacpi;1;2017-03-22 19:10:17 UTC;292848;654884;69.10;32204;228840;1068188;101.72;477800;140180;40
isaacpi;1;2017-03-22 19:10:18 UTC;292816;654916;69.10;32204;228852;1068188;101.72;477812;140180;52
isaacpi;1;2017-03-22 19:10:19 UTC;292848;654884;69.10;32212;228856;1068188;101.72;477820;140184;60
isaacpi;1;2017-03-22 19:10:20 UTC;292848;654884;69.10;32212;228872;1068188;101.72;477832;140180;84
isaacpi;1;2017-03-22 19:10:21 UTC;292848;654884;69.10;32212;228884;1068188;101.72;477844;140180;96
isaacpi;1;2017-03-22 19:10:22 UTC;292848;654884;69.10;32212;228896;1068188;101.72;477856;140180;108
isaacpi;1;2017-03-22 19:10:23 UTC;292848;654884;69.10;32212;228908;1068188;101.72;477868;140180;120
isaacpi;1;2017-03-22 19:10:24 UTC;292848;654884;69.10;32220;228916;1068188;101.72;477876;140184;128
isaacpi;1;2017-03-22 19:10:25 UTC;292808;654924;69.10;32220;228928;1069240;101.82;477888;140180;140
isaacpi;1;2017-03-22 19:10:26 UTC;292760;654972;69.11;32220;228940;1067440;101.65;477904;140180;156
isaacpi;1;2017-03-22 19:10:27 UTC;292800;654932;69.11;32220;228952;1067440;101.65;477904;140180;168
isaacpi;1;2017-03-22 19:10:28 UTC;292832;654900;69.10;32220;228960;1067440;101.65;477912;140184;176
isaacpi;1;2017-03-22 19:10:29 UTC;292800;654932;69.11;32228;228964;1067440;101.65;477924;140180;188
isaacpi;1;2017-03-22 19:10:30 UTC;292832;654900;69.10;32228;228984;1067440;101.65;477944;140180;208
isaacpi;1;2017-03-22 19:10:31 UTC;292832;654900;69.10;32228;228996;1067440;101.65;477996;140180;12
isaacpi;1;2017-03-22 19:10:32 UTC;292708;655024;69.11;32228;229008;1067440;101.65;478008;140180;40
isaacpi;1;2017-03-22 19:10:33 UTC;292708;655024;69.11;32228;229016;1067440;101.65;478016;140184;48
isaacpi;1;2017-03-22 19:10:34 UTC;292708;655024;69.11;32228;229028;1067440;101.65;478028;140180;60
isaacpi;1;2017-03-22 19:10:35 UTC;292708;655024;69.11;32236;229024;1067440;101.65;478048;140180;60
isaacpi;1;2017-03-22 19:10:36 UTC;292708;655024;69.11;32236;229052;1067440;101.65;478068;140180;96
isaacpi;1;2017-03-22 19:10:37 UTC;292676;655056;69.12;32236;229064;1067440;101.65;478076;140184;108
isaacpi;1;2017-03-22 19:10:38 UTC;292708;655024;69.11;32236;229072;1067440;101.65;478088;140184;116
isaacpi;1;2017-03-22 19:10:39 UTC;292676;655056;69.12;32236;229084;1067440;101.65;478100;140180;128
isaacpi;1;2017-03-22 19:10:40 UTC;292708;655024;69.11;32244;229096;1067440;101.65;478112;140180;140
isaacpi;1;2017-03-22 19:10:41 UTC;292552;655180;69.13;32244;229108;1067440;101.65;478132;140180;12
isaacpi;1;2017-03-22 19:10:42 UTC;292552;655180;69.13;32244;229116;1067440;101.65;478140;140184;36
isaacpi;1;2017-03-22 19:10:43 UTC;292552;655180;69.13;32244;229128;1067440;101.65;478152;140180;48
isaacpi;1;2017-03-22 19:10:44 UTC;292584;655148;69.13;32244;229140;1067440;101.65;478164;140180;60
isaacpi;1;2017-03-22 19:10:45 UTC;292552;655180;69.13;32252;229136;1067440;101.65;478176;140180;60
isaacpi;1;2017-03-22 19:10:46 UTC;292552;655180;69.13;32252;229164;1067440;101.65;478192;140180;96
isaacpi;1;2017-03-22 19:10:47 UTC;292520;655212;69.13;32252;229172;1067440;101.65;478200;140184;104
isaacpi;1;2017-03-22 19:10:48 UTC;292552;655180;69.13;32252;229184;1067440;101.65;478212;140180;116
isaacpi;1;2017-03-22 19:10:49 UTC;292552;655180;69.13;32252;229196;1067440;101.65;478224;140180;128
isaacpi;1;2017-03-22 19:10:50 UTC;292584;655148;69.13;32260;229208;1067440;101.65;478236;140180;140
isaacpi;1;2017-03-22 19:10:51 UTC;292552;655180;69.13;32260;229216;1067440;101.65;478256;140180;12
isaacpi;1;2017-03-22 19:10:52 UTC;292428;655304;69.14;32260;229228;1067440;101.65;478256;140180;40
isaacpi;1;2017-03-22 19:10:53 UTC;292396;655336;69.15;32260;229240;1067440;101.65;478268;140180;52
isaacpi;1;2017-03-22 19:10:54 UTC;292428;655304;69.14;32260;229252;1067440;101.65;478280;140180;64
isaacpi;1;2017-03-22 19:10:55 UTC;292660;655072;69.12;32268;229260;1068384;101.74;478292;140180;76
isaacpi;1;2017-03-22 19:10:56 UTC;292140;655592;69.17;32268;229272;1069424;101.84;478320;140180;108
isaacpi;1;2017-03-22 19:10:57 UTC;292180;655552;69.17;32268;229284;1069424;101.84;478336;140172;120
isaacpi;1;2017-03-22 19:10:58 UTC;292180;655552;69.17;32268;229296;1069424;101.84;478348;140172;132
isaacpi;1;2017-03-22 19:10:59 UTC;292180;655552;69.17;32268;229308;1069424;101.84;478360;140172;144
isaacpi;1;2017-03-22 19:11:00 UTC;292056;655676;69.18;32276;229316;1069424;101.84;478368;140176;160
isaacpi;1;2017-03-22 19:11:01 UTC;291964;655768;69.19;32276;229328;1069424;101.84;478380;140172;172
isaacpi;1;2017-03-22 19:11:02 UTC;291932;655800;69.20;32276;229340;1069424;101.84;478392;140172;184
isaacpi;1;2017-03-22 19:11:03 UTC;291964;655768;69.19;32276;229352;1069424;101.84;478404;140172;196
isaacpi;1;2017-03-22 19:11:04 UTC;291932;655800;69.20;32276;229364;1069424;101.84;478416;140172;208
isaacpi;1;2017-03-22 19:11:05 UTC;291964;655768;69.19;32284;229372;1069424;101.84;478428;140176;216
isaacpi;1;2017-03-22 19:11:06 UTC;291964;655768;69.19;32284;229384;1069424;101.84;478440;140172;84
isaacpi;1;2017-03-22 19:11:07 UTC;291932;655800;69.20;32284;229396;1069424;101.84;478472;140172;52
isaacpi;1;2017-03-22 19:11:08 UTC;291964;655768;69.19;32284;229408;1069424;101.84;478484;140172;64
isaacpi;1;2017-03-22 19:11:09 UTC;291964;655768;69.19;32284;229420;1069424;101.84;478496;140172;76
isaacpi;1;2017-03-22 19:11:10 UTC;291932;655800;69.20;32292;229424;1069424;101.84;478504;140176;84
isaacpi;1;2017-03-22 19:11:11 UTC;291808;655924;69.21;32292;229440;1069424;101.84;478516;140172;120
isaacpi;1;2017-03-22 19:11:12 UTC;291840;655892;69.21;32292;229452;1069424;101.84;478528;140172;132
isaacpi;1;2017-03-22 19:11:13 UTC;291840;655892;69.21;32292;229464;1069424;101.84;478540;140172;144
isaacpi;1;2017-03-22 19:11:14 UTC;291840;655892;69.21;32292;229472;1069424;101.84;478548;140176;152
isaacpi;1;2017-03-22 19:11:15 UTC;291808;655924;69.21;32300;229484;1069424;101.84;478560;140172;164
isaacpi;1;2017-03-22 19:11:16 UTC;291840;655892;69.21;32300;229496;1069424;101.84;478572;140172;176
isaacpi;1;2017-03-22 19:11:17 UTC;291808;655924;69.21;32300;229508;1069424;101.84;478584;140172;188
isaacpi;1;2017-03-22 19:11:18 UTC;291840;655892;69.21;32300;229520;1069424;101.84;478596;140172;200
isaacpi;1;2017-03-22 19:11:19 UTC;291840;655892;69.21;32300;229528;1069424;101.84;478604;140176;208
isaacpi;1;2017-03-22 19:11:20 UTC;291840;655892;69.21;32308;229540;1069424;101.84;478616;140172;220
isaacpi;1;2017-03-22 19:11:21 UTC;291840;655892;69.21;32308;229552;1069424;101.84;478628;140172;84
isaacpi;1;2017-03-22 19:11:22 UTC;291684;656048;69.22;32308;229564;1069424;101.84;478664;140172;40
isaacpi;1;2017-03-22 19:11:23 UTC;291708;656024;69.22;32308;229572;1069424;101.84;478672;140176;48
isaacpi;1;2017-03-22 19:11:24 UTC;291708;656024;69.22;32308;229584;1069424;101.84;478684;140172;60
isaacpi;1;2017-03-22 19:11:25 UTC;291776;655956;69.21;32316;229596;1068532;101.75;478700;140172;84
isaacpi;1;2017-03-22 19:11:26 UTC;291760;655972;69.21;32316;229608;1069456;101.84;478632;140172;100
isaacpi;1;2017-03-22 19:11:27 UTC;291800;655932;69.21;32316;229620;1069456;101.84;478684;140172;112
isaacpi;1;2017-03-22 19:11:28 UTC;291800;655932;69.21;32316;229628;1069456;101.84;478692;140176;120
isaacpi;1;2017-03-22 19:11:29 UTC;291832;655900;69.21;32316;229640;1069456;101.84;478704;140172;132
isaacpi;1;2017-03-22 19:11:30 UTC;291832;655900;69.21;32324;229652;1069456;101.84;478716;140172;148
isaacpi;1;2017-03-22 19:11:31 UTC;291708;656024;69.22;32324;229664;1069456;101.84;478728;140172;160
isaacpi;1;2017-03-22 19:11:32 UTC;291708;656024;69.22;32324;229676;1069456;101.84;478740;140172;172
isaacpi;1;2017-03-22 19:11:33 UTC;291676;656056;69.22;32324;229684;1069456;101.84;478748;140176;180
isaacpi;1;2017-03-22 19:11:34 UTC;291708;656024;69.22;32324;229696;1069456;101.84;478760;140172;192
isaacpi;1;2017-03-22 19:11:35 UTC;291708;656024;69.22;32332;229708;1069456;101.84;478828;140172;204
isaacpi;1;2017-03-22 19:11:36 UTC;291708;656024;69.22;32332;229720;1069456;101.84;478840;140172;68
isaacpi;1;2017-03-22 19:11:37 UTC;291708;656024;69.22;32332;229728;1069456;101.84;478856;140176;36
isaacpi;1;2017-03-22 19:11:38 UTC;291676;656056;69.22;32332;229740;1069456;101.84;478868;140172;48
isaacpi;1;2017-03-22 19:11:39 UTC;291676;656056;69.22;32332;229752;1069456;101.84;478880;140172;60
isaacpi;1;2017-03-22 19:11:40 UTC;291708;656024;69.22;32340;229760;1069456;101.84;478892;140172;72
isaacpi;1;2017-03-22 19:11:41 UTC;291676;656056;69.22;32340;229776;1069456;101.84;478904;140172;96
isaacpi;1;2017-03-22 19:11:42 UTC;291552;656180;69.24;32340;229784;1069456;101.84;478912;140176;104
isaacpi;1;2017-03-22 19:11:43 UTC;291520;656212;69.24;32340;229796;1069456;101.84;478924;140172;116
isaacpi;1;2017-03-22 19:11:44 UTC;291552;656180;69.24;32340;229808;1069456;101.84;478936;140172;128
isaacpi;1;2017-03-22 19:11:45 UTC;291552;656180;69.24;32348;229820;1069456;101.84;478948;140172;140
isaacpi;1;2017-03-22 19:11:46 UTC;291552;656180;69.24;32348;229828;1069456;101.84;478956;140176;148
isaacpi;1;2017-03-22 19:11:47 UTC;291552;656180;69.24;32348;229840;1069456;101.84;478968;140172;160
isaacpi;1;2017-03-22 19:11:48 UTC;291552;656180;69.24;32348;229852;1069456;101.84;478980;140172;172
isaacpi;1;2017-03-22 19:11:49 UTC;291552;656180;69.24;32348;229864;1069456;101.84;478992;140172;184
isaacpi;1;2017-03-22 19:11:50 UTC;291552;656180;69.24;32356;229876;1069456;101.84;479004;140172;196
isaacpi;1;2017-03-22 19:11:51 UTC;291552;656180;69.24;32356;229884;1069456;101.84;479012;140176;204
isaacpi;1;2017-03-22 19:11:52 UTC;291552;656180;69.24;32356;229896;1069456;101.84;479024;140172;216
isaacpi;1;2017-03-22 19:11:53 UTC;291024;656708;69.29;32356;230056;1069456;101.84;479236;140272;228
isaacpi;1;2017-03-22 19:11:54 UTC;287560;660172;69.66;32360;230424;1070420;101.93;483020;140348;244
isaacpi;1;2017-03-22 19:11:55 UTC;284032;663700;70.03;32368;231136;1070556;101.95;487116;139948;288
isaacpi;1;2017-03-22 19:11:56 UTC;268060;679672;71.72;32372;239616;1071772;102.06;496076;145472;5588
isaacpi;1;2017-03-22 19:11:57 UTC;264992;682740;72.04;32376;239776;1072772;102.16;499512;142616;4568
isaacpi;1;2017-03-22 19:11:58 UTC;264960;682772;72.04;32376;239788;1072772;102.16;499544;142592;4580
isaacpi;1;2017-03-22 19:11:59 UTC;264960;682772;72.04;32376;239800;1072772;102.16;499556;142592;4592
isaacpi;3;2017-03-22 19:12:01 UTC;263620;684112;72.18;32408;239904;1072772;102.16;502788;140796;4168
isaacpi;1;2017-03-22 19:12:02 UTC;263612;684120;72.18;32412;239916;1072772;102.16;502820;140796;2984
isaacpi;1;2017-03-22 19:12:03 UTC;263580;684152;72.19;32412;239928;1072772;102.16;502832;140796;2996
isaacpi;1;2017-03-22 19:12:04 UTC;263580;684152;72.19;32412;239940;1072772;102.16;502844;140796;3008
isaacpi;1;2017-03-22 19:12:05 UTC;263484;684248;72.20;32428;240204;1072772;102.16;503424;140904;3020
isaacpi;1;2017-03-22 19:12:06 UTC;259908;687824;72.58;32488;245936;1072772;102.16;507104;143268;8788
isaacpi;1;2017-03-22 19:12:07 UTC;259628;688104;72.61;32488;245948;1072772;102.16;507212;143268;8796
isaacpi;1;2017-03-22 19:12:08 UTC;259628;688104;72.61;32488;245960;1072772;102.16;507220;143268;8808
isaacpi;1;2017-03-22 19:12:09 UTC;259660;688072;72.60;32488;245972;1072772;102.16;507240;143268;8820
isaacpi;1;2017-03-22 19:12:10 UTC;259660;688072;72.60;32488;245980;1072772;102.16;507248;143272;8828
isaacpi;1;2017-03-22 19:12:11 UTC;257668;690064;72.81;32496;247800;1072772;102.16;507396;145072;8948
isaacpi;1;2017-03-22 19:12:12 UTC;255684;692048;73.02;32496;247844;1073700;102.24;509408;145004;8960
isaacpi;1;2017-03-22 19:12:13 UTC;253164;694568;73.29;32496;247884;1074624;102.33;512004;144860;8984
isaacpi;1;2017-03-22 19:12:14 UTC;251304;696428;73.48;32496;247944;1077636;102.62;514144;144792;9000
isaacpi;1;2017-03-22 19:12:15 UTC;248980;698752;73.73;32500;249800;1077636;102.62;516064;145328;9008
isaacpi;1;2017-03-22 19:12:16 UTC;239648;708084;74.71;32512;259296;1077300;102.59;515684;154768;9028
isaacpi;1;2017-03-22 19:12:17 UTC;239724;708008;74.71;32512;259440;1077300;102.59;515724;154928;9040
isaacpi;1;2017-03-22 19:12:18 UTC;235884;711848;75.11;32768;259556;1115344;106.21;519352;155028;9072
isaacpi;1;2017-03-22 19:12:19 UTC;235636;712096;75.14;32936;259596;1115344;106.21;519596;155040;9276
isaacpi;1;2017-03-22 19:12:20 UTC;232856;714876;75.43;32960;259648;1137704;108.34;521000;155060;9328
isaacpi;1;2017-03-22 19:12:21 UTC;228124;719608;75.93;32972;263488;1209948;115.22;522216;158788;9340
isaacpi;1;2017-03-22 19:12:22 UTC;214780;732952;77.34;32980;268620;1399124;133.23;528968;163880;9376
isaacpi;1;2017-03-22 19:12:23 UTC;210628;737104;77.78;33360;277940;1311060;124.85;529452;168352;9400
isaacpi;1;2017-03-22 19:12:24 UTC;199448;748284;78.96;33544;282632;1314204;125.15;537108;171704;9440
isaacpi;1;2017-03-22 19:12:25 UTC;187700;760032;80.19;33548;287272;1314864;125.21;544884;175428;9456
isaacpi;1;2017-03-22 19:12:26 UTC;181820;765912;80.82;33548;289236;1317700;125.48;549976;176496;9468
isaacpi;1;2017-03-22 19:12:27 UTC;180260;767472;80.98;33552;290028;1318648;125.57;551388;176852;5852
isaacpi;1;2017-03-22 19:12:28 UTC;180260;767472;80.98;33552;290040;1318648;125.57;551388;176852;5868
isaacpi;6;2017-03-22 19:12:34 UTC;179880;767852;81.02;33556;290056;1318648;125.57;551436;176872;5888
isaacpi;1;2017-03-22 19:12:35 UTC;179656;768076;81.04;33556;290068;1318648;125.57;551448;176868;5900
isaacpi;1;2017-03-22 19:12:36 UTC;179624;768108;81.05;33556;290084;1318648;125.57;551464;176868;5916
isaacpi;1;2017-03-22 19:12:37 UTC;179528;768204;81.06;33556;290100;1318648;125.57;551476;176868;5928
isaacpi;1;2017-03-22 19:12:38 UTC;179304;768428;81.08;33556;290108;1318648;125.57;551484;176872;5936
isaacpi;1;2017-03-22 19:12:39 UTC;179148;768584;81.10;33564;290116;1320384;125.74;551796;176868;3136
isaacpi;1;2017-03-22 19:12:40 UTC;179092;768640;81.10;33568;290144;1320384;125.74;551628;176856;144
isaacpi;1;2017-03-22 19:12:41 UTC;179092;768640;81.10;33568;290164;1320384;125.74;551684;176816;160
isaacpi;1;2017-03-22 19:12:42 UTC;179092;768640;81.10;33572;290176;1320384;125.74;551696;176816;172
isaacpi;15;2017-03-22 19:12:57 UTC;179076;768656;81.10;33576;290256;1335780;127.20;551704;176884;260
isaacpi;1;2017-03-22 19:12:58 UTC;176224;771508;81.41;33584;291300;1336804;127.30;554372;177324;424
isaacpi;1;2017-03-22 19:12:59 UTC;173156;774576;81.73;33584;292764;1337828;127.40;556624;178120;436
isaacpi;1;2017-03-22 19:13:00 UTC;167816;779916;82.29;33584;295948;1341464;127.74;560228;180492;300
isaacpi;1;2017-03-22 19:13:01 UTC;167784;779948;82.30;33584;296064;1341464;127.74;560540;180480;300
isaacpi;1;2017-03-22 19:13:02 UTC;160004;787728;83.12;33584;298000;1343404;127.93;566452;181876;316
isaacpi;1;2017-03-22 19:13:03 UTC;153236;794496;83.83;33584;299812;1344356;128.02;572176;182900;328
isaacpi;1;2017-03-22 19:13:04 UTC;149796;797936;84.19;33592;300508;1345404;128.12;575236;182980;340
isaacpi;1;2017-03-22 19:13:05 UTC;144648;803084;84.74;33592;302800;1347384;128.31;579144;184536;352
isaacpi;1;2017-03-22 19:13:06 UTC;141704;806028;85.05;33592;304024;1347384;128.31;581236;185320;360
isaacpi;1;2017-03-22 19:13:07 UTC;138272;809460;85.41;33592;304696;1357260;129.25;584624;185552;372
isaacpi;1;2017-03-22 19:13:08 UTC;136008;811724;85.65;33592;305068;1358200;129.34;586564;185600;384
isaacpi;1;2017-03-22 19:13:09 UTC;125408;822324;86.77;33600;306064;1358200;129.34;597180;185584;396
isaacpi;1;2017-03-22 19:13:10 UTC;123268;824464;86.99;33600;306616;1359132;129.43;599268;185736;408
isaacpi;1;2017-03-22 19:13:11 UTC;121284;826448;87.20;33600;307064;1359132;129.43;601088;185956;400
isaacpi;1;2017-03-22 19:13:12 UTC;119260;828472;87.42;33600;307228;1359132;129.43;603128;186016;412
isaacpi;1;2017-03-22 19:13:13 UTC;116812;830920;87.67;33600;307908;1361092;129.61;605112;186280;424
isaacpi;1;2017-03-22 19:13:14 UTC;114952;832780;87.87;33608;308108;1361092;129.61;606856;186396;436
isaacpi;1;2017-03-22 19:13:15 UTC;113712;834020;88.00;33608;308516;1361092;129.61;607940;186596;296
isaacpi;1;2017-03-22 19:13:16 UTC;113744;833988;88.00;33608;308560;1361092;129.61;608168;186608;236
isaacpi;1;2017-03-22 19:13:17 UTC;113712;834020;88.00;33608;308576;1362116;129.71;608264;186612;248
isaacpi;1;2017-03-22 19:13:18 UTC;113744;833988;88.00;33608;308588;1362116;129.71;608276;186612;260
isaacpi;1;2017-03-22 19:13:19 UTC;113744;833988;88.00;33612;308600;1362116;129.71;608288;186612;272
isaacpi;1;2017-03-22 19:13:20 UTC;113680;834052;88.01;33616;308612;1362116;129.71;608296;186616;280
isaacpi;1;2017-03-22 19:13:21 UTC;110952;836780;88.29;33616;308816;1365824;130.06;610856;186660;296
isaacpi;1;2017-03-22 19:13:22 UTC;109528;838204;88.44;33616;309220;1365824;130.06;612224;186672;308
isaacpi;1;2017-03-22 19:13:23 UTC;105636;842096;88.85;33624;310804;1367792;130.25;615076;187496;320
isaacpi;1;2017-03-22 19:13:24 UTC;104668;843064;88.96;33648;311320;1368816;130.35;615872;187884;352
isaacpi;1;2017-03-22 19:13:25 UTC;103380;844352;89.09;33648;311676;1368816;130.35;616400;188060;372
isaacpi;1;2017-03-22 19:13:26 UTC;101124;846608;89.33;33648;312708;1370084;130.47;618172;188408;384
isaacpi;1;2017-03-22 19:13:27 UTC;98536;849196;89.60;33648;313884;1371108;130.57;620364;188916;396
isaacpi;1;2017-03-22 19:13:28 UTC;96544;851188;89.81;33648;315000;1372132;130.66;621988;189284;408
isaacpi;1;2017-03-22 19:13:29 UTC;90468;857264;90.45;33656;320472;1372132;130.66;624344;192932;460
isaacpi;1;2017-03-22 19:13:30 UTC;75124;872608;92.07;33656;326524;1388188;132.19;635232;197440;28
isaacpi;1;2017-03-22 19:13:31 UTC;74720;873012;92.12;33656;326624;1389212;132.29;635928;197268;44
isaacpi;1;2017-03-22 19:13:32 UTC;74720;873012;92.12;33656;326640;1389212;132.29;635940;197268;56
isaacpi;1;2017-03-22 19:13:33 UTC;74720;873012;92.12;33656;326652;1389212;132.29;635952;197268;68
isaacpi;3;2017-03-22 19:13:36 UTC;72412;875320;92.36;33664;326736;1390224;132.39;639252;196408;112
isaacpi;1;2017-03-22 19:13:37 UTC;71544;876188;92.45;33664;326868;1390224;132.39;640876;196068;124
isaacpi;1;2017-03-22 19:13:38 UTC;70148;877584;92.60;33664;326996;1390224;132.39;641952;196048;136
isaacpi;1;2017-03-22 19:13:39 UTC;68536;879196;92.77;33664;327044;1390224;132.39;643964;196024;148
isaacpi;1;2017-03-22 19:13:40 UTC;66924;880808;92.94;33672;327052;1390224;132.39;645648;195960;168
isaacpi;1;2017-03-22 19:13:41 UTC;65840;881892;93.05;33672;327064;1390224;132.39;646660;195872;180
isaacpi;1;2017-03-22 19:13:42 UTC;64072;883660;93.24;33672;327084;1391248;132.48;648816;195624;192
isaacpi;1;2017-03-22 19:13:43 UTC;63328;884404;93.32;33672;327100;1392184;132.57;649572;195556;208
isaacpi;1;2017-03-22 19:13:44 UTC;61684;886048;93.49;33672;327132;1392184;132.57;651272;195332;220
isaacpi;1;2017-03-22 19:13:45 UTC;60940;886792;93.57;33672;327160;1393128;132.66;652192;195316;248
isaacpi;1;2017-03-22 19:13:46 UTC;58360;889372;93.84;33680;327468;1405508;133.84;654700;195360;260
isaacpi;1;2017-03-22 19:13:47 UTC;54476;893256;94.25;33680;327784;1408584;134.13;658764;195292;284
isaacpi;1;2017-03-22 19:13:48 UTC;37448;910284;96.05;33680;329908;1432568;136.42;674048;196832;296
isaacpi;1;2017-03-22 19:13:49 UTC;36392;911340;96.16;33680;330024;1433640;136.52;683092;188236;304
isaacpi;1;2017-03-22 19:13:50 UTC;36456;911276;96.15;33680;330104;1433640;136.52;683196;188164;320
isaacpi;1;2017-03-22 19:13:51 UTC;36456;911276;96.15;33688;330116;1433640;136.52;683208;188164;12
isaacpi;1;2017-03-22 19:13:52 UTC;36456;911276;96.15;33688;330128;1433640;136.52;683232;188164;64
isaacpi;1;2017-03-22 19:13:53 UTC;155688;792044;83.57;33688;330140;1346408;128.21;564132;187964;76
isaacpi;1;2017-03-22 19:13:54 UTC;156828;790904;83.45;33688;330192;1216868;115.88;562796;187924;84
isaacpi;1;2017-03-22 19:13:55 UTC;154528;793204;83.69;33688;330204;1260960;120.08;565488;187948;116
isaacpi;1;2017-03-22 19:13:56 UTC;153268;794464;83.83;33696;330536;1260844;120.07;566008;188220;260
isaacpi;1;2017-03-22 19:13:57 UTC;161668;786064;82.94;33728;330488;1119680;106.62;558180;188116;316
isaacpi;1;2017-03-22 19:13:58 UTC;161132;786600;83.00;33728;330524;1117468;106.41;558600;188152;332
isaacpi;1;2017-03-22 19:13:59 UTC;160996;786736;83.01;33728;330532;1117468;106.41;559020;188156;340
isaacpi;1;2017-03-22 19:14:00 UTC;168604;779128;82.21;33728;322340;1117468;106.41;553032;186084;352
isaacpi;1;2017-03-22 19:14:01 UTC;168724;779008;82.20;33728;322332;1117468;106.41;553064;186084;364
isaacpi;1;2017-03-22 19:14:02 UTC;168600;779132;82.21;33740;322340;1117468;106.41;553064;186084;524
isaacpi;1;2017-03-22 19:14:03 UTC;168700;779032;82.20;33740;322352;1117468;106.41;552972;186088;580
isaacpi;1;2017-03-22 19:14:04 UTC;168724;779008;82.20;33740;322364;1117468;106.41;552976;186084;592
isaacpi;1;2017-03-22 19:14:05 UTC;168724;779008;82.20;33740;322376;1117468;106.41;552980;186080;608
isaacpi;1;2017-03-22 19:14:06 UTC;168692;779040;82.20;33740;322388;1117468;106.41;552992;186080;620
isaacpi;1;2017-03-22 19:14:07 UTC;168600;779132;82.21;33740;322400;1117468;106.41;553004;186080;632
isaacpi;1;2017-03-22 19:14:08 UTC;168568;779164;82.21;33748;322408;1117468;106.41;553032;186080;640
isaacpi;1;2017-03-22 19:14:09 UTC;168600;779132;82.21;33748;322420;1117468;106.41;553032;186080;652
isaacpi;1;2017-03-22 19:14:10 UTC;168600;779132;82.21;33748;322432;1117468;106.41;553044;186080;664
isaacpi;1;2017-03-22 19:14:11 UTC;168600;779132;82.21;33748;322444;1117468;106.41;553064;186084;676
isaacpi;1;2017-03-22 19:14:12 UTC;168600;779132;82.21;33748;322452;1117468;106.41;553064;186084;684
isaacpi;1;2017-03-22 19:14:13 UTC;168600;779132;82.21;33756;322464;1117468;106.41;553076;186080;696
isaacpi;1;2017-03-22 19:14:14 UTC;168600;779132;82.21;33756;322476;1117468;106.41;553088;186080;708
isaacpi;1;2017-03-22 19:14:15 UTC;168600;779132;82.21;33756;322488;1117468;106.41;553100;186080;720
isaacpi;1;2017-03-22 19:14:16 UTC;168600;779132;82.21;33756;322500;1117468;106.41;553112;186080;732
isaacpi;1;2017-03-22 19:14:17 UTC;168568;779164;82.21;33756;322508;1117468;106.41;553120;186084;740
isaacpi;1;2017-03-22 19:14:18 UTC;168600;779132;82.21;33764;322520;1117468;106.41;553132;186080;752
isaacpi;1;2017-03-22 19:14:19 UTC;168568;779164;82.21;33764;322532;1117468;106.41;553144;186080;764
isaacpi;1;2017-03-22 19:14:20 UTC;165848;781884;82.50;33764;322840;1117468;106.41;556156;183380;1072
isaacpi;1;2017-03-22 19:14:21 UTC;159412;788320;83.18;33768;331116;1117588;106.42;563172;185708;12164
isaacpi;1;2017-03-22 19:14:22 UTC;159444;788288;83.18;33768;331124;1117588;106.42;563284;185660;12172
isaacpi;1;2017-03-22 19:14:23 UTC;159320;788412;83.19;33780;331124;1117588;106.42;563340;185656;12184
isaacpi;1;2017-03-22 19:14:24 UTC;159320;788412;83.19;33780;331148;1117588;106.42;563392;185656;12280
isaacpi;1;2017-03-22 19:14:25 UTC;157016;790716;83.43;33780;331160;1118632;106.52;565436;185656;12292
isaacpi;1;2017-03-22 19:14:26 UTC;150632;797100;84.11;33780;331168;1155616;110.05;571976;185644;11776
isaacpi;1;2017-03-22 19:14:27 UTC;146596;801136;84.53;33780;330144;1155616;110.05;575740;185644;12096
isaacpi;1;2017-03-22 19:14:28 UTC;146084;801648;84.59;33780;331204;1157152;110.19;576760;185876;11832
isaacpi;6;2017-03-22 19:14:33 UTC;143332;804400;84.88;33788;331220;1196148;113.90;579384;185876;11480
isaacpi;1;2017-03-22 19:14:34 UTC;143300;804432;84.88;33788;331232;1196148;113.90;579416;185876;11492
isaacpi;1;2017-03-22 19:14:35 UTC;143208;804524;84.89;33788;331240;1196148;113.90;579424;185880;11496
isaacpi;1;2017-03-22 19:14:36 UTC;143176;804556;84.89;33788;331296;1196148;113.90;579528;185916;11528
isaacpi;1;2017-03-22 19:14:37 UTC;143176;804556;84.89;33788;331308;1196148;113.90;579540;185916;11540
isaacpi;1;2017-03-22 19:14:38 UTC;143112;804620;84.90;33788;331320;1196148;113.90;579552;185916;11552
isaacpi;1;2017-03-22 19:14:39 UTC;143208;804524;84.89;33796;331320;1196148;113.90;579560;185920;11856
isaacpi;1;2017-03-22 19:14:40 UTC;142316;805416;84.98;33832;331316;1222436;116.41;580288;185920;11832
isaacpi;1;2017-03-22 19:14:41 UTC;140964;806768;85.13;33832;331368;1226744;116.82;580644;185912;11904
isaacpi;1;2017-03-22 19:14:42 UTC;131856;815876;86.09;33844;331568;1476272;140.58;588404;186068;11932
isaacpi;1;2017-03-22 19:14:43 UTC;127920;819812;86.50;33880;331632;1376476;131.08;614036;165808;11988
isaacpi;1;2017-03-22 19:14:44 UTC;120440;827292;87.29;33880;331652;1381252;131.53;621712;165364;12012
isaacpi;1;2017-03-22 19:14:45 UTC;117040;830692;87.65;33880;331664;1380024;131.41;625144;165260;12024
isaacpi;1;2017-03-22 19:14:46 UTC;114964;832768;87.87;33880;331676;1383964;131.79;627456;165040;12036
isaacpi;1;2017-03-22 19:14:47 UTC;103796;843936;89.05;33880;331692;1387000;132.08;640772;163088;12052
isaacpi;1;2017-03-22 19:14:48 UTC;99084;848648;89.55;33880;331704;1388860;132.26;645340;163032;12064
isaacpi;1;2017-03-22 19:14:49 UTC;94960;852772;89.98;33888;331712;1390888;132.45;650100;162480;12072
isaacpi;1;2017-03-22 19:14:50 UTC;93356;854376;90.15;33888;331724;1391816;132.54;651976;162200;9248
isaacpi;1;2017-03-22 19:14:51 UTC;89868;857864;90.52;33888;331736;1403652;133.66;654872;162200;9260
isaacpi;1;2017-03-22 19:14:52 UTC;86612;861120;90.86;33888;331748;1405628;133.85;658560;162204;9272
isaacpi;1;2017-03-22 19:14:53 UTC;79916;867816;91.57;33888;331760;1412136;134.47;665276;162204;9284
isaacpi;1;2017-03-22 19:14:54 UTC;78584;869148;91.71;33892;331772;1412136;134.47;666696;162200;9296
isaacpi;1;2017-03-22 19:14:55 UTC;76716;871016;91.91;33892;331784;1412448;134.50;668004;162200;9308
isaacpi;1;2017-03-22 19:14:56 UTC;75664;872068;92.02;33892;331796;1412448;134.50;669636;162172;9324
isaacpi;1;2017-03-22 19:14:57 UTC;74392;873340;92.15;33896;331808;1412448;134.50;670988;162172;484
isaacpi;1;2017-03-22 19:14:58 UTC;72780;874952;92.32;33896;331816;1417832;135.02;672444;162120;496
isaacpi;1;2017-03-22 19:14:59 UTC;71356;876376;92.47;33900;331828;1418876;135.11;674152;162096;508
isaacpi;1;2017-03-22 19:15:00 UTC;71076;876656;92.50;33900;331840;1419892;135.21;674644;162056;520
isaacpi;1;2017-03-22 19:15:01 UTC;70960;876772;92.51;33900;331852;1419892;135.21;674684;162060;532
isaacpi;1;2017-03-22 19:15:02 UTC;70960;876772;92.51;33900;331860;1419892;135.21;674712;162060;540
isaacpi;1;2017-03-22 19:15:03 UTC;70896;876836;92.52;33900;331872;1419892;135.21;674724;162056;552
isaacpi;1;2017-03-22 19:15:04 UTC;70804;876928;92.53;33900;331884;1419892;135.21;674748;162056;564
isaacpi;1;2017-03-22 19:15:05 UTC;70640;877092;92.55;33900;331896;1419892;135.21;674748;162056;576
isaacpi;1;2017-03-22 19:15:06 UTC;70548;877184;92.56;33900;331908;1419892;135.21;674768;162060;588
isaacpi;1;2017-03-22 19:15:07 UTC;70424;877308;92.57;33900;331916;1420904;135.31;674868;162020;596
isaacpi;1;2017-03-22 19:15:08 UTC;70456;877276;92.57;33900;331928;1420904;135.31;674880;162020;608
isaacpi;1;2017-03-22 19:15:09 UTC;70424;877308;92.57;33900;331940;1420904;135.31;674880;162020;620
isaacpi;1;2017-03-22 19:15:10 UTC;70424;877308;92.57;33900;331952;1420904;135.31;674892;162020;632
isaacpi;1;2017-03-22 19:15:11 UTC;70424;877308;92.57;33900;331960;1420904;135.31;674900;162024;640
isaacpi;1;2017-03-22 19:15:12 UTC;69440;878292;92.67;33912;331968;1421832;135.40;675484;161996;276
isaacpi;1;2017-03-22 19:15:13 UTC;67936;879796;92.83;33928;331984;1421832;135.40;677392;161900;288
isaacpi;1;2017-03-22 19:15:14 UTC;67548;880184;92.87;33928;332000;1423048;135.51;677900;161884;304
isaacpi;1;2017-03-22 19:15:15 UTC;66672;881060;92.97;33928;332012;1424008;135.60;678768;161888;316
isaacpi;1;2017-03-22 19:15:16 UTC;64936;882796;93.15;33928;332020;1425032;135.70;680564;161844;324
isaacpi;1;2017-03-22 19:15:17 UTC;63820;883912;93.27;33928;332032;1425972;135.79;681676;161844;336
isaacpi;1;2017-03-22 19:15:18 UTC;55388;892344;94.16;33928;332044;1442564;137.37;702668;149044;424
isaacpi;1;2017-03-22 19:15:19 UTC;51668;896064;94.55;33936;332056;1443588;137.47;706448;149044;384
isaacpi;1;2017-03-22 19:15:20 UTC;50188;897544;94.70;33936;332068;1444612;137.57;707968;149044;396
isaacpi;1;2017-03-22 19:15:21 UTC;49196;898536;94.81;33936;332076;1444612;137.57;708984;149028;408
isaacpi;1;2017-03-22 19:15:22 UTC;47956;899776;94.94;33936;332088;1444612;137.57;710208;149016;420
isaacpi;1;2017-03-22 19:15:23 UTC;46220;901512;95.12;33936;332100;1445636;137.66;711856;149008;432
isaacpi;1;2017-03-22 19:15:24 UTC;45120;902612;95.24;33944;332112;1445636;137.66;713048;149012;532
isaacpi;1;2017-03-22 19:15:25 UTC;43344;904388;95.43;33944;332120;1446564;137.75;714412;149004;572
isaacpi;1;2017-03-22 19:15:26 UTC;41896;905836;95.58;33944;332136;1446564;137.75;715912;149004;588
isaacpi;1;2017-03-22 19:15:27 UTC;40920;906812;95.68;33944;332148;1447556;137.85;717140;148964;600
isaacpi;1;2017-03-22 19:15:28 UTC;39836;907896;95.80;33944;332164;1447556;137.85;718284;148960;616
isaacpi;1;2017-03-22 19:15:29 UTC;38812;908920;95.90;33948;332192;1447556;137.85;719336;148968;624
isaacpi;1;2017-03-22 19:15:30 UTC;36772;910960;96.12;33952;332204;1468732;139.86;721544;148844;308
isaacpi;1;2017-03-22 19:15:31 UTC;33416;914316;96.47;33952;332216;1469792;139.96;725440;148476;320
isaacpi;1;2017-03-22 19:15:32 UTC;28860;918872;96.95;33340;324172;1492856;142.16;714588;163592;332
isaacpi;1;2017-03-22 19:15:33 UTC;28640;919092;96.98;33340;324232;1492776;142.15;715024;163316;348
isaacpi;1;2017-03-22 19:15:34 UTC;28516;919216;96.99;33344;324236;1492776;142.15;715056;163308;356
isaacpi;1;2017-03-22 19:15:35 UTC;28516;919216;96.99;33348;324252;1492776;142.15;715056;163308;376
isaacpi;1;2017-03-22 19:15:36 UTC;28548;919184;96.99;33348;324264;1492776;142.15;715076;163308;388
isaacpi;1;2017-03-22 19:15:37 UTC;144712;803020;84.73;33348;324360;1262240;120.20;613396;148600;400
isaacpi;1;2017-03-22 19:15:38 UTC;144488;803244;84.75;33348;324372;1262492;120.22;613704;148604;416
isaacpi;1;2017-03-22 19:15:39 UTC;149516;798216;84.22;33380;324456;1163140;110.76;609876;147852;460
isaacpi;1;2017-03-22 19:15:40 UTC;149740;797992;84.20;33380;324472;1164448;110.89;609764;147828;476
isaacpi;1;2017-03-22 19:15:41 UTC;149732;798000;84.20;33380;324488;1164448;110.89;609780;147824;492
isaacpi;1;2017-03-22 19:15:42 UTC;158476;789256;83.28;33380;315952;1161916;110.65;603372;145400;504
isaacpi;1;2017-03-22 19:15:43 UTC;158724;789008;83.25;33380;315964;1161916;110.65;603100;145404;516
isaacpi;1;2017-03-22 19:15:44 UTC;158724;789008;83.25;33392;315968;1161916;110.65;603100;145404;676
isaacpi;1;2017-03-22 19:15:45 UTC;158724;789008;83.25;33392;315984;1161916;110.65;603144;145400;648
isaacpi;1;2017-03-22 19:15:46 UTC;158756;788976;83.25;33392;315996;1161916;110.65;603156;145400;660
isaacpi;1;2017-03-22 19:15:47 UTC;158724;789008;83.25;33392;316008;1161916;110.65;603156;145400;672
isaacpi;1;2017-03-22 19:15:48 UTC;158724;789008;83.25;33392;316016;1161916;110.65;603176;145400;680
isaacpi;1;2017-03-22 19:15:49 UTC;158756;788976;83.25;33392;316028;1161916;110.65;603188;145400;692
isaacpi;1;2017-03-22 19:15:50 UTC;158724;789008;83.25;33400;316040;1161916;110.65;603188;145400;336
isaacpi;1;2017-03-22 19:15:51 UTC;158724;789008;83.25;33400;316052;1161916;110.65;603212;145400;348
isaacpi;1;2017-03-22 19:15:52 UTC;158600;789132;83.27;33400;316064;1161916;110.65;603220;145404;360
isaacpi;1;2017-03-22 19:15:53 UTC;158632;789100;83.26;33400;316072;1161916;110.65;603220;145404;364
isaacpi;1;2017-03-22 19:15:54 UTC;158600;789132;83.27;33400;316084;1161916;110.65;603244;145400;376
isaacpi;1;2017-03-22 19:15:55 UTC;158676;789056;83.26;33404;316176;1161388;110.59;603416;145396;388
isaacpi;1;2017-03-22 19:15:56 UTC;158644;789088;83.26;33408;316204;1160188;110.48;603444;145384;400
isaacpi;1;2017-03-22 19:15:57 UTC;158756;788976;83.25;33408;316216;1160188;110.48;603412;145368;432
isaacpi;1;2017-03-22 19:15:58 UTC;158756;788976;83.25;33408;316228;1160188;110.48;603424;145368;440
isaacpi;1;2017-03-22 19:15:59 UTC;158724;789008;83.25;33408;316240;1160188;110.48;603424;145368;452
isaacpi;1;2017-03-22 19:16:00 UTC;158756;788976;83.25;33416;316252;1160188;110.48;603444;145368;472
isaacpi;1;2017-03-22 19:16:01 UTC;158756;788976;83.25;33416;316264;1160188;110.48;603472;145368;484
isaacpi;1;2017-03-22 19:16:02 UTC;158568;789164;83.27;33416;316272;1160188;110.48;603480;145372;492
isaacpi;1;2017-03-22 19:16:03 UTC;158600;789132;83.27;33420;316284;1160188;110.48;603496;145368;112
isaacpi;1;2017-03-22 19:16:04 UTC;158600;789132;83.27;33420;316296;1160188;110.48;603508;145368;128
isaacpi;1;2017-03-22 19:16:05 UTC;158600;789132;83.27;33428;316304;1160188;110.48;603520;145368;140
isaacpi;1;2017-03-22 19:16:06 UTC;158476;789256;83.28;33428;316320;1160188;110.48;603540;145368;172
isaacpi;1;2017-03-22 19:16:07 UTC;158476;789256;83.28;33428;316328;1160188;110.48;603580;145348;180
isaacpi;1;2017-03-22 19:16:08 UTC;158476;789256;83.28;33428;316340;1160188;110.48;603580;145348;188
isaacpi;1;2017-03-22 19:16:09 UTC;158476;789256;83.28;33428;316352;1160188;110.48;603592;145348;200
isaacpi;1;2017-03-22 19:16:10 UTC;158476;789256;83.28;33436;316364;1160188;110.48;603604;145348;220
isaacpi;1;2017-03-22 19:16:11 UTC;158476;789256;83.28;33436;316372;1160188;110.48;603612;145352;228
isaacpi;1;2017-03-22 19:16:12 UTC;158476;789256;83.28;33436;316384;1160188;110.48;603624;145348;240
isaacpi;1;2017-03-22 19:16:13 UTC;158476;789256;83.28;33436;316396;1160188;110.48;603648;145348;204
isaacpi;1;2017-03-22 19:16:14 UTC;158476;789256;83.28;33436;316408;1160188;110.48;603656;145348;216
isaacpi;1;2017-03-22 19:16:15 UTC;158476;789256;83.28;33444;316420;1160188;110.48;603668;145348;232
isaacpi;1;2017-03-22 19:16:16 UTC;158476;789256;83.28;33444;316428;1160188;110.48;603676;145352;240
isaacpi;1;2017-03-22 19:16:17 UTC;158476;789256;83.28;33444;316440;1160188;110.48;603688;145348;252
isaacpi;1;2017-03-22 19:16:18 UTC;158476;789256;83.28;33444;316452;1160188;110.48;603712;145348;180
isaacpi;3;2017-03-22 19:16:21 UTC;158476;789256;83.28;33452;316464;1160188;110.48;603712;145348;56
isaacpi;1;2017-03-22 19:16:22 UTC;158476;789256;83.28;33452;316472;1160188;110.48;603720;145352;64
isaacpi;1;2017-03-22 19:16:23 UTC;158476;789256;83.28;33452;316484;1160188;110.48;603732;145348;80
isaacpi;1;2017-03-22 19:16:24 UTC;158476;789256;83.28;33452;316496;1160188;110.48;603744;145348;92
isaacpi;1;2017-03-22 19:16:25 UTC;158384;789348;83.29;33460;316508;1159404;110.41;603744;145348;24
isaacpi;1;2017-03-22 19:16:26 UTC;158320;789412;83.29;33460;316520;1159404;110.41;603744;145348;44
isaacpi;1;2017-03-22 19:16:27 UTC;158352;789380;83.29;33460;316528;1159404;110.41;603800;145352;52
isaacpi;1;2017-03-22 19:16:28 UTC;158320;789412;83.29;33460;316540;1159404;110.41;603812;145348;64
isaacpi;1;2017-03-22 19:16:29 UTC;158384;789348;83.29;33460;316552;1159404;110.41;603824;145348;76
isaacpi;1;2017-03-22 19:16:30 UTC;158352;789380;83.29;33464;316564;1159404;110.41;603844;145352;0
isaacpi;1;2017-03-22 19:16:31 UTC;158384;789348;83.29;33468;316576;1159404;110.41;603848;145352;56
isaacpi;1;2017-03-22 19:16:32 UTC;158352;789380;83.29;33468;316584;1159404;110.41;603860;145352;64
isaacpi;1;2017-03-22 19:16:33 UTC;158352;789380;83.29;33468;316596;1159404;110.41;603872;145348;76
isaacpi;1;2017-03-22 19:16:34 UTC;158384;789348;83.29;33468;316608;1159404;110.41;603884;145348;88
isaacpi;1;2017-03-22 19:16:35 UTC;158352;789380;83.29;33476;316620;1159404;110.41;603896;145348;108
isaacpi;1;2017-03-22 19:16:36 UTC;158384;789348;83.29;33476;316628;1159404;110.41;603904;145352;116
isaacpi;1;2017-03-22 19:16:37 UTC;158352;789380;83.29;33476;316640;1159404;110.41;603916;145348;128
isaacpi;1;2017-03-22 19:16:38 UTC;158384;789348;83.29;33476;316652;1159404;110.41;603928;145348;140
isaacpi;1;2017-03-22 19:16:39 UTC;158400;789332;83.29;33476;316664;1159404;110.41;603952;145348;156
isaacpi;1;2017-03-22 19:16:40 UTC;158400;789332;83.29;33476;316676;1159404;110.41;603964;145348;168
isaacpi;1;2017-03-22 19:16:41 UTC;158400;789332;83.29;33484;316684;1159404;110.41;603972;145352;176
isaacpi;1;2017-03-22 19:16:42 UTC;158392;789340;83.29;33484;316696;1159404;110.41;603984;145348;192
isaacpi;1;2017-03-22 19:16:43 UTC;158360;789372;83.29;33484;316708;1159404;110.41;603992;145348;204
isaacpi;1;2017-03-22 19:16:44 UTC;158516;789216;83.27;33484;316720;1159404;110.41;604004;145348;216
isaacpi;1;2017-03-22 19:16:45 UTC;158516;789216;83.27;33484;316728;1159404;110.41;604012;145352;224
isaacpi;1;2017-03-22 19:16:46 UTC;158516;789216;83.27;33492;316740;1159404;110.41;604024;145348;236
isaacpi;1;2017-03-22 19:16:47 UTC;158484;789248;83.28;33492;316752;1159404;110.41;604036;145348;248
isaacpi;1;2017-03-22 19:16:48 UTC;158484;789248;83.28;33492;316764;1159404;110.41;604048;145348;260
isaacpi;1;2017-03-22 19:16:49 UTC;158392;789340;83.29;33492;316776;1159404;110.41;604060;145348;272
isaacpi;1;2017-03-22 19:16:50 UTC;158392;789340;83.29;33492;316784;1159404;110.41;604068;145352;280
isaacpi;1;2017-03-22 19:16:51 UTC;158392;789340;83.29;33500;316796;1159404;110.41;604080;145348;292
isaacpi;1;2017-03-22 19:16:52 UTC;158392;789340;83.29;33500;316808;1159404;110.41;604092;145348;304
isaacpi;1;2017-03-22 19:16:53 UTC;156300;791432;83.51;33500;316892;1161780;110.63;606188;145364;3200
isaacpi;1;2017-03-22 19:16:54 UTC;147432;800300;84.44;33500;325372;1165728;111.01;612612;147720;11716
isaacpi;1;2017-03-22 19:16:55 UTC;147268;800464;84.46;33500;325384;1165876;111.02;612616;147720;11732
isaacpi;1;2017-03-22 19:16:56 UTC;145976;801756;84.60;33512;325396;1165876;111.02;613996;147720;11916
isaacpi;1;2017-03-22 19:16:57 UTC;145944;801788;84.60;33512;325408;1165876;111.02;614048;147720;11928
isaacpi;1;2017-03-22 19:16:58 UTC;145976;801756;84.60;33512;325420;1165876;111.02;614060;147720;11940
isaacpi;1;2017-03-22 19:16:59 UTC;146792;800940;84.51;33512;324408;1165876;111.02;613800;147708;12260
isaacpi;1;2017-03-22 19:17:00 UTC;145604;802128;84.64;33512;325064;1166556;111.09;614716;147644;11976
isaacpi;1;2017-03-22 19:17:01 UTC;145060;802672;84.69;33520;325080;1167480;111.18;615084;147616;11424
isaacpi;1;2017-03-22 19:17:02 UTC;142484;805248;84.97;33520;325092;1214448;115.65;617760;147552;11444
isaacpi;1;2017-03-22 19:17:03 UTC;142244;805488;84.99;33524;325152;1214448;115.65;617944;147572;11504
isaacpi;1;2017-03-22 19:17:04 UTC;142228;805504;84.99;33524;325164;1214448;115.65;617980;147568;11508
isaacpi;1;2017-03-22 19:17:05 UTC;142204;805528;85.00;33524;325176;1214448;115.65;617992;147568;11520
isaacpi;1;2017-03-22 19:17:06 UTC;142204;805528;85.00;33528;325188;1214448;115.65;618048;147564;11536
isaacpi;1;2017-03-22 19:17:07 UTC;141644;806088;85.05;33532;325196;1215376;115.74;618068;147564;11548
isaacpi;1;2017-03-22 19:17:08 UTC;141756;805976;85.04;33548;325224;1215220;115.72;618328;147100;11820
isaacpi;1;2017-03-22 19:17:09 UTC;140592;807140;85.17;33564;325244;1227088;116.85;619008;147072;11876
isaacpi;1;2017-03-22 19:17:10 UTC;133260;814472;85.94;33576;325268;1484784;141.39;625744;147084;11896
isaacpi;1;2017-03-22 19:17:11 UTC;136016;811716;85.65;33592;325500;1364352;129.92;624508;146488;11916
isaacpi;1;2017-03-22 19:17:12 UTC;123808;823924;86.94;33604;325628;1370396;130.50;638668;144420;11980
isaacpi;1;2017-03-22 19:17:13 UTC;118972;828760;87.45;33604;325636;1374296;130.87;644776;143360;11988
isaacpi;1;2017-03-22 19:17:14 UTC;116316;831416;87.73;33604;325648;1373156;130.76;647168;143352;12000
isaacpi;1;2017-03-22 19:17:15 UTC;111348;836384;88.25;33604;325664;1378604;131.28;652188;143344;12016
isaacpi;1;2017-03-22 19:17:16 UTC;103040;844692;89.13;33604;325676;1379628;131.38;660736;143348;12028
isaacpi;1;2017-03-22 19:17:17 UTC;96468;851264;89.82;33612;325684;1381648;131.57;667260;143344;12036
isaacpi;1;2017-03-22 19:17:18 UTC;93648;854084;90.12;33612;325696;1382676;131.67;670012;143344;12048
isaacpi;1;2017-03-22 19:17:19 UTC;91020;856712;90.40;33612;325708;1393288;132.68;672908;143344;12060
isaacpi;1;2017-03-22 19:17:20 UTC;87312;860420;90.79;33612;325724;1394960;132.84;675508;143348;12076
isaacpi;1;2017-03-22 19:17:21 UTC;77500;870232;91.82;33624;325736;1401648;133.47;685268;143352;60
isaacpi;1;2017-03-22 19:17:22 UTC;75796;871936;92.00;33624;325744;1401492;133.46;687460;143348;72
isaacpi;30;2017-03-22 19:17:53 UTC;63204;884528;93.33;33656;325744;1410620;134.33;700120;143344;268
isaacpi;1;2017-03-22 19:17:54 UTC;62792;884940;93.37;33656;325772;1411680;134.43;700396;143344;280
isaacpi;1;2017-03-22 19:17:55 UTC;62304;885428;93.43;33656;325788;1411680;134.43;700912;143344;296
isaacpi;1;2017-03-22 19:17:56 UTC;59816;887916;93.69;33656;325800;1413236;134.58;703304;143348;308
isaacpi;1;2017-03-22 19:17:57 UTC;58740;888992;93.80;33660;325804;1414260;134.68;704528;143348;316
isaacpi;1;2017-03-22 19:17:58 UTC;58524;889208;93.82;33664;325804;1414260;134.68;704784;143344;284
isaacpi;1;2017-03-22 19:17:59 UTC;50680;897052;94.65;33664;325832;1430492;136.22;713008;143344;324
isaacpi;1;2017-03-22 19:18:00 UTC;47208;900524;95.02;33664;325844;1431516;136.32;716436;143344;336
isaacpi;1;2017-03-22 19:18:01 UTC;45536;902196;95.20;33664;325852;1432540;136.42;718256;143348;344
isaacpi;1;2017-03-22 19:18:02 UTC;43920;903812;95.37;33664;325864;1433464;136.50;719620;143344;356
isaacpi;1;2017-03-22 19:18:03 UTC;42992;904740;95.46;33672;325860;1433464;136.50;720792;143344;356
isaacpi;1;2017-03-22 19:18:04 UTC;41100;906632;95.66;33672;325888;1433464;136.50;722500;143344;388
isaacpi;1;2017-03-22 19:18:05 UTC;40000;907732;95.78;33672;325900;1433464;136.50;723728;143344;400
isaacpi;1;2017-03-22 19:18:06 UTC;38760;908972;95.91;33672;325908;1434476;136.60;724908;143348;408
isaacpi;1;2017-03-22 19:18:07 UTC;36560;911172;96.14;33672;325920;1435436;136.69;727048;143344;428
isaacpi;1;2017-03-22 19:18:08 UTC;35320;912412;96.27;33680;325936;1436476;136.79;728228;143344;148
isaacpi;7;2017-03-22 19:18:15 UTC;30508;917224;96.78;33652;301520;1515244;144.29;671436;204604;0
isaacpi;1;2017-03-22 19:18:16 UTC;28872;918860;96.95;33116;285232;1515244;144.29;636980;240496;52
isaacpi;1;2017-03-22 19:18:17 UTC;28912;918820;96.95;33116;285196;1515244;144.29;636988;240520;64
isaacpi;1;2017-03-22 19:18:18 UTC;28880;918852;96.95;33116;285212;1515244;144.29;637020;240520;76
isaacpi;1;2017-03-22 19:18:19 UTC;28912;918820;96.95;33124;285212;1515244;144.29;637032;240520;88
isaacpi;1;2017-03-22 19:18:20 UTC;28912;918820;96.95;33124;285232;1515244;144.29;637044;240520;0
isaacpi;1;2017-03-22 19:18:21 UTC;28880;918852;96.95;33124;285240;1515244;144.29;637064;240520;36
isaacpi;1;2017-03-22 19:18:22 UTC;28912;918820;96.95;33124;285252;1515244;144.29;637076;240516;48
isaacpi;1;2017-03-22 19:18:23 UTC;28756;918976;96.97;33124;285264;1515244;144.29;637140;240464;76
isaacpi;1;2017-03-22 19:18:24 UTC;28756;918976;96.97;33124;285288;1515244;144.29;637152;240464;88
isaacpi;1;2017-03-22 19:18:25 UTC;50556;897176;94.67;33132;285288;1493636;142.23;615128;240256;100
isaacpi;1;2017-03-22 19:18:26 UTC;50640;897092;94.66;33132;285412;1492892;142.16;615080;240232;148
isaacpi;1;2017-03-22 19:18:27 UTC;50664;897068;94.65;33132;285424;1492892;142.16;615100;240232;160
isaacpi;1;2017-03-22 19:18:28 UTC;50664;897068;94.65;33132;285436;1492892;142.16;615116;240232;172
isaacpi;1;2017-03-22 19:18:29 UTC;48788;898944;94.85;33132;285448;1530104;145.71;616728;240232;184
isaacpi;1;2017-03-22 19:18:30 UTC;174936;772796;81.54;33140;285432;1269360;120.88;510584;221072;56
isaacpi;1;2017-03-22 19:18:31 UTC;172252;775480;81.82;33140;285444;1316836;125.40;513124;221068;32
isaacpi;1;2017-03-22 19:18:32 UTC;172188;775544;81.83;33140;285460;1316836;125.40;513228;221068;76
isaacpi;1;2017-03-22 19:18:33 UTC;170936;776796;81.96;33140;285480;1319948;125.69;513876;220856;88
isaacpi;1;2017-03-22 19:18:34 UTC;170664;777068;81.99;33140;285616;1323856;126.07;514700;220656;160
isaacpi;1;2017-03-22 19:18:35 UTC;178732;769000;81.14;33184;285604;1172688;111.67;506616;220440;228
isaacpi;1;2017-03-22 19:18:36 UTC;178960;768772;81.12;33184;285552;1172688;111.67;506628;220336;272
isaacpi;1;2017-03-22 19:18:37 UTC;188104;759628;80.15;33184;277128;1169024;111.32;500488;217932;284
isaacpi;1;2017-03-22 19:18:38 UTC;188196;759536;80.14;33184;277028;1169024;111.32;500252;217848;296
isaacpi;1;2017-03-22 19:18:39 UTC;188196;759536;80.14;33184;277036;1169024;111.32;500260;217852;304
isaacpi;1;2017-03-22 19:18:40 UTC;188164;759568;80.15;33192;277040;1169024;111.32;500272;217848;168
isaacpi;1;2017-03-22 19:18:41 UTC;188172;759560;80.15;33196;277056;1169024;111.32;500296;217836;24
isaacpi;1;2017-03-22 19:18:42 UTC;188172;759560;80.15;33196;277072;1169024;111.32;500324;217828;56
isaacpi;1;2017-03-22 19:18:43 UTC;188172;759560;80.15;33196;277084;1169024;111.32;500340;217828;68
isaacpi;1;2017-03-22 19:18:44 UTC;188172;759560;80.15;33196;277092;1169024;111.32;500348;217832;224
isaacpi;1;2017-03-22 19:18:45 UTC;188172;759560;80.15;33196;277104;1169024;111.32;500360;217828;320
isaacpi;1;2017-03-22 19:18:46 UTC;188172;759560;80.15;33204;277112;1169024;111.32;500372;217828;332
isaacpi;1;2017-03-22 19:18:47 UTC;188204;759528;80.14;33204;277128;1169024;111.32;500384;217828;400
isaacpi;1;2017-03-22 19:18:48 UTC;188172;759560;80.15;33204;277140;1169024;111.32;500400;217832;412
isaacpi;1;2017-03-22 19:18:49 UTC;188204;759528;80.14;33204;277148;1169024;111.32;500412;217832;420
isaacpi;1;2017-03-22 19:18:50 UTC;188204;759528;80.14;33204;277160;1169024;111.32;500424;217828;432
isaacpi;1;2017-03-22 19:18:51 UTC;188204;759528;80.14;33212;277172;1169024;111.32;500436;217828;444
isaacpi;1;2017-03-22 19:18:52 UTC;188204;759528;80.14;33212;277184;1169024;111.32;500456;217828;456
isaacpi;1;2017-03-22 19:18:53 UTC;188296;759436;80.13;33212;277192;1169024;111.32;500464;217832;464
isaacpi;1;2017-03-22 19:18:54 UTC;188328;759404;80.13;33212;277204;1169024;111.32;500476;217828;476
isaacpi;1;2017-03-22 19:18:55 UTC;188080;759652;80.15;33212;277216;1167488;111.18;500488;217828;488
isaacpi;1;2017-03-22 19:18:56 UTC;188008;759724;80.16;33220;277228;1168424;111.26;500456;217828;60
isaacpi;1;2017-03-22 19:18:57 UTC;188048;759684;80.16;33220;277240;1168424;111.26;500520;217828;28
isaacpi;1;2017-03-22 19:18:58 UTC;188048;759684;80.16;33220;277248;1168424;111.26;500528;217832;36
isaacpi;1;2017-03-22 19:18:59 UTC;188048;759684;80.16;33220;277260;1168424;111.26;500540;217828;48
isaacpi;1;2017-03-22 19:19:00 UTC;188048;759684;80.16;33220;277272;1168424;111.26;500552;217828;60
isaacpi;4;2017-03-22 19:19:04 UTC;188080;759652;80.15;33228;277284;1168424;111.26;500564;217828;104
isaacpi;1;2017-03-22 19:19:05 UTC;188144;759588;80.15;33228;277292;1168424;111.26;500580;217832;112
isaacpi;1;2017-03-22 19:19:06 UTC;188000;759732;80.16;33228;277304;1168424;111.26;500592;217828;128
isaacpi;1;2017-03-22 19:19:07 UTC;188112;759620;80.15;33228;277324;1168424;111.26;500660;217776;156
isaacpi;1;2017-03-22 19:19:08 UTC;188016;759716;80.16;33228;277336;1168424;111.26;500676;217772;168
isaacpi;1;2017-03-22 19:19:09 UTC;188048;759684;80.16;33236;277348;1168424;111.26;500696;217772;196
isaacpi;1;2017-03-22 19:19:10 UTC;188144;759588;80.15;33236;277356;1168424;111.26;500704;217776;204
isaacpi;1;2017-03-22 19:19:11 UTC;188144;759588;80.15;33236;277368;1168424;111.26;500716;217772;92
isaacpi;1;2017-03-22 19:19:12 UTC;188112;759620;80.15;33236;277380;1168424;111.26;500728;217772;40
isaacpi;1;2017-03-22 19:19:13 UTC;188112;759620;80.15;33236;277392;1168424;111.26;500740;217772;52
isaacpi;1;2017-03-22 19:19:14 UTC;187988;759744;80.16;33244;277404;1168424;111.26;500752;217776;92
isaacpi;1;2017-03-22 19:19:15 UTC;187988;759744;80.16;33244;277404;1168424;111.26;500768;217776;92
isaacpi;1;2017-03-22 19:19:16 UTC;187988;759744;80.16;33244;277424;1168424;111.26;500780;217772;112
isaacpi;1;2017-03-22 19:19:17 UTC;187988;759744;80.16;33244;277436;1168424;111.26;500792;217772;124
isaacpi;1;2017-03-22 19:19:18 UTC;187956;759776;80.17;33244;277448;1168424;111.26;500804;217772;136
isaacpi;1;2017-03-22 19:19:19 UTC;187988;759744;80.16;33252;277456;1168424;111.26;500812;217776;144
isaacpi;1;2017-03-22 19:19:20 UTC;187956;759776;80.17;33252;277468;1168424;111.26;500832;217772;156
isaacpi;1;2017-03-22 19:19:21 UTC;187956;759776;80.17;33252;277480;1168424;111.26;500844;217772;168
isaacpi;1;2017-03-22 19:19:22 UTC;188020;759712;80.16;33252;277492;1168424;111.26;500856;217772;180
isaacpi;1;2017-03-22 19:19:23 UTC;188020;759712;80.16;33252;277504;1168424;111.26;500868;217772;192
isaacpi;1;2017-03-22 19:19:24 UTC;187988;759744;80.16;33260;277512;1168424;111.26;500884;217776;200
isaacpi;1;2017-03-22 19:19:25 UTC;187764;759968;80.19;33260;277524;1168604;111.28;501208;217772;212
isaacpi;1;2017-03-22 19:19:26 UTC;187912;759820;80.17;33260;277536;1168604;111.28;500908;217772;232
isaacpi;1;2017-03-22 19:19:27 UTC;187832;759900;80.18;33260;277548;1168604;111.28;500920;217772;244
isaacpi;1;2017-03-22 19:19:28 UTC;187928;759804;80.17;33260;277556;1168604;111.28;500928;217776;252
isaacpi;1;2017-03-22 19:19:29 UTC;187832;759900;80.18;33268;277568;1168604;111.28;500948;217772;268
isaacpi;1;2017-03-22 19:19:30 UTC;187896;759836;80.17;33268;277580;1168604;111.28;500960;217772;280
isaacpi;1;2017-03-22 19:19:31 UTC;187896;759836;80.17;33268;277592;1168604;111.28;500972;217772;292
isaacpi;1;2017-03-22 19:19:32 UTC;187896;759836;80.17;33268;277604;1168604;111.28;500984;217772;304
isaacpi;1;2017-03-22 19:19:33 UTC;187832;759900;80.18;33268;277612;1168604;111.28;500992;217776;312
isaacpi;1;2017-03-22 19:19:34 UTC;187832;759900;80.18;33276;277624;1168604;111.28;501004;217772;324
isaacpi;1;2017-03-22 19:19:35 UTC;187904;759828;80.17;33276;277636;1167680;111.19;501024;217772;340
isaacpi;1;2017-03-22 19:19:36 UTC;187920;759812;80.17;33276;277648;1167680;111.19;501036;217772;352
isaacpi;1;2017-03-22 19:19:37 UTC;188012;759720;80.16;33276;277656;1166608;111.09;501104;217772;360
isaacpi;1;2017-03-22 19:19:38 UTC;188052;759680;80.16;33276;277688;1166608;111.09;501144;217768;372
isaacpi;1;2017-03-22 19:19:39 UTC;188052;759680;80.16;33284;277700;1166608;111.09;501164;217768;384
isaacpi;1;2017-03-22 19:19:40 UTC;187956;759776;80.17;33284;277712;1166608;111.09;501176;217768;396
isaacpi;1;2017-03-22 19:19:41 UTC;188052;759680;80.16;33284;277724;1166608;111.09;501188;217768;408
isaacpi;1;2017-03-22 19:19:42 UTC;188004;759728;80.16;33284;277748;1167532;111.18;501124;217772;408
