# hostname;interval;timestamp;IFACE;rxpck/s;txpck/s;rxkB/s;txkB/s;rxcmp/s;txcmp/s;rxmcst/s;%ifutil
isaacpi;1;2017-07-18 20:31:28 UTC;wlan0;0.00;0.00;0.00;0.00;0.00;0.00;0.00;0.00
isaacpi;1;2017-07-18 20:31:28 UTC;docker0;0.00;0.00;0.00;0.00;0.00;0.00;0.00;0.00
isaacpi;1;2017-07-18 20:31:28 UTC;lo;0.00;0.00;0.00;0.00;0.00;0.00;0.00;0.00
isaacpi;1;2017-07-18 20:31:28 UTC;eth0;0.00;0.00;0.00;0.00;0.00;0.00;0.00;0.00
isaacpi;1;2017-07-18 20:31:29 UTC;wlan0;3.00;2.00;1.04;0.18;0.00;0.00;0.00;0.00
isaacpi;1;2017-07-18 20:31:29 UTC;docker0;0.00;0.00;0.00;0.00;0.00;0.00;0.00;0.00
isaacpi;1;2017-07-18 20:31:29 UTC;lo;0.00;0.00;0.00;0.00;0.00;0.00;0.00;0.00
isaacpi;1;2017-07-18 20:31:29 UTC;eth0;0.00;0.00;0.00;0.00;0.00;0.00;0.00;0.00
isaacpi;1;2017-07-18 20:31:30 UTC;wlan0;11.00;4.00;3.07;1.23;0.00;0.00;0.00;0.00
isaacpi;1;2017-07-18 20:31:30 UTC;docker0;0.00;0.00;0.00;0.00;0.00;0.00;0.00;0.00
isaacpi;1;2017-07-18 20:31:30 UTC;lo;0.00;0.00;0.00;0.00;0.00;0.00;0.00;0.00
isaacpi;1;2017-07-18 20:31:30 UTC;eth0;0.00;0.00;0.00;0.00;0.00;0.00;0.00;0.00
isaacpi;1;2017-07-18 20:31:31 UTC;wlan0;20.00;6.00;4.66;1.10;0.00;0.00;0.00;0.00
isaacpi;1;2017-07-18 20:31:31 UTC;docker0;0.00;0.00;0.00;0.00;0.00;0.00;0.00;0.00
isaacpi;1;2017-07-18 20:31:31 UTC;lo;0.00;0.00;0.00;0.00;0.00;0.00;0.00;0.00
isaacpi;1;2017-07-18 20:31:31 UTC;eth0;0.00;0.00;0.00;0.00;0.00;0.00;0.00;0.00
isaacpi;1;2017-07-18 20:31:32 UTC;wlan0;0.00;1.00;0.00;0.10;0.00;0.00;0.00;0.00
isaacpi;1;2017-07-18 20:31:32 UTC;docker0;0.00;0.00;0.00;0.00;0.00;0.00;0.00;0.00
isaacpi;1;2017-07-18 20:31:32 UTC;lo;0.00;0.00;0.00;0.00;0.00;0.00;0.00;0.00
isaacpi;1;2017-07-18 20:31:32 UTC;eth0;0.00;0.00;0.00;0.00;0.00;0.00;0.00;0.00
isaacpi;1;2017-07-18 20:31:33 UTC;wlan0;26.00;600.00;1.33;863.54;0.00;0.00;0.00;0.00
isaacpi;1;2017-07-18 20:31:33 UTC;docker0;0.00;0.00;0.00;0.00;0.00;0.00;0.00;0.00
isaacpi;1;2017-07-18 20:31:33 UTC;lo;0.00;0.00;0.00;0.00;0.00;0.00;0.00;0.00
isaacpi;1;2017-07-18 20:31:33 UTC;eth0;0.00;0.00;0.00;0.00;0.00;0.00;0.00;0.00
isaacpi;1;2017-07-18 20:31:34 UTC;wlan0;141.00;3804.00;7.16;5489.28;0.00;0.00;0.00;0.00
isaacpi;1;2017-07-18 20:31:34 UTC;docker0;0.00;0.00;0.00;0.00;0.00;0.00;0.00;0.00
isaacpi;1;2017-07-18 20:31:34 UTC;lo;0.00;0.00;0.00;0.00;0.00;0.00;0.00;0.00
isaacpi;1;2017-07-18 20:31:34 UTC;eth0;0.00;0.00;0.00;0.00;0.00;0.00;0.00;0.00
isaacpi;1;2017-07-18 20:31:35 UTC;wlan0;153.00;3542.00;7.77;5111.46;0.00;0.00;0.00;0.00
isaacpi;1;2017-07-18 20:31:35 UTC;docker0;0.00;0.00;0.00;0.00;0.00;0.00;0.00;0.00
isaacpi;1;2017-07-18 20:31:35 UTC;lo;0.00;0.00;0.00;0.00;0.00;0.00;0.00;0.00
isaacpi;1;2017-07-18 20:31:35 UTC;eth0;0.00;0.00;0.00;0.00;0.00;0.00;0.00;0.00
isaacpi;1;2017-07-18 20:31:36 UTC;wlan0;148.00;3664.00;7.52;5286.99;0.00;0.00;0.00;0.00
isaacpi;1;2017-07-18 20:31:36 UTC;docker0;0.00;0.00;0.00;0.00;0.00;0.00;0.00;0.00
isaacpi;1;2017-07-18 20:31:36 UTC;lo;0.00;0.00;0.00;0.00;0.00;0.00;0.00;0.00
isaacpi;1;2017-07-18 20:31:36 UTC;eth0;0.00;0.00;0.00;0.00;0.00;0.00;0.00;0.00
isaacpi;1;2017-07-18 20:31:37 UTC;wlan0;147.00;3385.00;7.46;4884.28;0.00;0.00;0.00;0.00
isaacpi;1;2017-07-18 20:31:37 UTC;docker0;0.00;0.00;0.00;0.00;0.00;0.00;0.00;0.00
isaacpi;1;2017-07-18 20:31:37 UTC;lo;0.00;0.00;0.00;0.00;0.00;0.00;0.00;0.00
isaacpi;1;2017-07-18 20:31:37 UTC;eth0;0.00;0.00;0.00;0.00;0.00;0.00;0.00;0.00
isaacpi;1;2017-07-18 20:31:38 UTC;wlan0;146.00;3432.00;7.39;4951.17;0.00;0.00;0.00;0.00
isaacpi;1;2017-07-18 20:31:38 UTC;docker0;0.00;0.00;0.00;0.00;0.00;0.00;0.00;0.00
isaacpi;1;2017-07-18 20:31:38 UTC;lo;0.00;0.00;0.00;0.00;0.00;0.00;0.00;0.00
isaacpi;1;2017-07-18 20:31:38 UTC;eth0;0.00;0.00;0.00;0.00;0.00;0.00;0.00;0.00
isaacpi;1;2017-07-18 20:31:39 UTC;wlan0;150.00;3239.00;7.62;4674.14;0.00;0.00;0.00;0.00
isaacpi;1;2017-07-18 20:31:39 UTC;docker0;0.00;0.00;0.00;0.00;0.00;0.00;0.00;0.00
isaacpi;1;2017-07-18 20:31:39 UTC;lo;0.00;0.00;0.00;0.00;0.00;0.00;0.00;0.00
isaacpi;1;2017-07-18 20:31:39 UTC;eth0;0.00;0.00;0.00;0.00;0.00;0.00;0.00;0.00
isaacpi;1;2017-07-18 20:31:40 UTC;wlan0;140.00;3246.00;7.11;4683.89;0.00;0.00;0.00;0.00
isaacpi;1;2017-07-18 20:31:40 UTC;docker0;0.00;0.00;0.00;0.00;0.00;0.00;0.00;0.00
isaacpi;1;2017-07-18 20:31:40 UTC;lo;0.00;0.00;0.00;0.00;0.00;0.00;0.00;0.00
isaacpi;1;2017-07-18 20:31:40 UTC;eth0;0.00;0.00;0.00;0.00;0.00;0.00;0.00;0.00
isaacpi;1;2017-07-18 20:31:41 UTC;wlan0;137.00;3063.00;6.96;4418.92;0.00;0.00;0.00;0.00
isaacpi;1;2017-07-18 20:31:41 UTC;docker0;0.00;0.00;0.00;0.00;0.00;0.00;0.00;0.00
isaacpi;1;2017-07-18 20:31:41 UTC;lo;0.00;0.00;0.00;0.00;0.00;0.00;0.00;0.00
isaacpi;1;2017-07-18 20:31:41 UTC;eth0;0.00;0.00;0.00;0.00;0.00;0.00;0.00;0.00
isaacpi;1;2017-07-18 20:31:42 UTC;wlan0;140.00;3537.00;7.11;5103.25;0.00;0.00;0.00;0.00
isaacpi;1;2017-07-18 20:31:42 UTC;docker0;0.00;0.00;0.00;0.00;0.00;0.00;0.00;0.00
isaacpi;1;2017-07-18 20:31:42 UTC;lo;0.00;0.00;0.00;0.00;0.00;0.00;0.00;0.00
isaacpi;1;2017-07-18 20:31:42 UTC;eth0;0.00;0.00;0.00;0.00;0.00;0.00;0.00;0.00
isaacpi;1;2017-07-18 20:31:43 UTC;wlan0;136.00;3378.00;6.91;4873.01;0.00;0.00;0.00;0.00
isaacpi;1;2017-07-18 20:31:43 UTC;docker0;0.00;0.00;0.00;0.00;0.00;0.00;0.00;0.00
isaacpi;1;2017-07-18 20:31:43 UTC;lo;0.00;0.00;0.00;0.00;0.00;0.00;0.00;0.00
isaacpi;1;2017-07-18 20:31:43 UTC;eth0;0.00;0.00;0.00;0.00;0.00;0.00;0.00;0.00
isaacpi;1;2017-07-18 20:31:44 UTC;wlan0;144.00;3175.00;7.31;4582.49;0.00;0.00;0.00;0.00
isaacpi;1;2017-07-18 20:31:44 UTC;docker0;0.00;0.00;0.00;0.00;0.00;0.00;0.00;0.00
isaacpi;1;2017-07-18 20:31:44 UTC;lo;0.00;0.00;0.00;0.00;0.00;0.00;0.00;0.00
isaacpi;1;2017-07-18 20:31:44 UTC;eth0;0.00;0.00;0.00;0.00;0.00;0.00;0.00;0.00
isaacpi;1;2017-07-18 20:31:45 UTC;wlan0;148.00;3627.00;7.52;5234.36;0.00;0.00;0.00;0.00
isaacpi;1;2017-07-18 20:31:45 UTC;docker0;0.00;0.00;0.00;0.00;0.00;0.00;0.00;0.00
isaacpi;1;2017-07-18 20:31:45 UTC;lo;0.00;0.00;0.00;0.00;0.00;0.00;0.00;0.00
isaacpi;1;2017-07-18 20:31:45 UTC;eth0;0.00;0.00;0.00;0.00;0.00;0.00;0.00;0.00
isaacpi;1;2017-07-18 20:31:46 UTC;wlan0;109.00;1760.00;5.54;2538.32;0.00;0.00;0.00;0.00
isaacpi;1;2017-07-18 20:31:46 UTC;docker0;0.00;0.00;0.00;0.00;0.00;0.00;0.00;0.00
isaacpi;1;2017-07-18 20:31:46 UTC;lo;0.00;0.00;0.00;0.00;0.00;0.00;0.00;0.00
isaacpi;1;2017-07-18 20:31:46 UTC;eth0;0.00;0.00;0.00;0.00;0.00;0.00;0.00;0.00
isaacpi;1;2017-07-18 20:31:47 UTC;wlan0;3.00;3.00;0.24;0.49;0.00;0.00;0.00;0.00
isaacpi;1;2017-07-18 20:31:47 UTC;docker0;0.00;0.00;0.00;0.00;0.00;0.00;0.00;0.00
isaacpi;1;2017-07-18 20:31:47 UTC;lo;0.00;0.00;0.00;0.00;0.00;0.00;0.00;0.00
isaacpi;1;2017-07-18 20:31:47 UTC;eth0;0.00;0.00;0.00;0.00;0.00;0.00;0.00;0.00
isaacpi;1;2017-07-18 20:31:48 UTC;wlan0;14.00;454.00;0.72;651.53;0.00;0.00;0.00;0.00
isaacpi;1;2017-07-18 20:31:48 UTC;docker0;0.00;0.00;0.00;0.00;0.00;0.00;0.00;0.00
isaacpi;1;2017-07-18 20:31:48 UTC;lo;0.00;0.00;0.00;0.00;0.00;0.00;0.00;0.00
isaacpi;1;2017-07-18 20:31:48 UTC;eth0;0.00;0.00;0.00;0.00;0.00;0.00;0.00;0.00
isaacpi;1;2017-07-18 20:31:49 UTC;wlan0;93.00;2216.00;4.72;3196.28;0.00;0.00;0.00;0.00
isaacpi;1;2017-07-18 20:31:49 UTC;docker0;0.00;0.00;0.00;0.00;0.00;0.00;0.00;0.00
isaacpi;1;2017-07-18 20:31:49 UTC;lo;0.00;0.00;0.00;0.00;0.00;0.00;0.00;0.00
isaacpi;1;2017-07-18 20:31:49 UTC;eth0;0.00;0.00;0.00;0.00;0.00;0.00;0.00;0.00
isaacpi;1;2017-07-18 20:31:50 UTC;wlan0;0.00;0.00;0.00;0.00;0.00;0.00;0.00;0.00
isaacpi;1;2017-07-18 20:31:50 UTC;docker0;0.00;0.00;0.00;0.00;0.00;0.00;0.00;0.00
isaacpi;1;2017-07-18 20:31:50 UTC;lo;0.00;0.00;0.00;0.00;0.00;0.00;0.00;0.00
isaacpi;1;2017-07-18 20:31:50 UTC;eth0;0.00;0.00;0.00;0.00;0.00;0.00;0.00;0.00
isaacpi;1;2017-07-18 20:31:51 UTC;wlan0;1.00;1.00;0.03;0.06;0.00;0.00;0.00;0.00
isaacpi;1;2017-07-18 20:31:51 UTC;docker0;0.00;0.00;0.00;0.00;0.00;0.00;0.00;0.00
isaacpi;1;2017-07-18 20:31:51 UTC;lo;0.00;0.00;0.00;0.00;0.00;0.00;0.00;0.00
isaacpi;1;2017-07-18 20:31:51 UTC;eth0;0.00;0.00;0.00;0.00;0.00;0.00;0.00;0.00
isaacpi;1;2017-07-18 20:31:52 UTC;wlan0;16.00;19.00;1.47;2.98;0.00;0.00;0.00;0.00
isaacpi;1;2017-07-18 20:31:52 UTC;docker0;0.00;0.00;0.00;0.00;0.00;0.00;0.00;0.00
isaacpi;1;2017-07-18 20:31:52 UTC;lo;0.00;0.00;0.00;0.00;0.00;0.00;0.00;0.00
isaacpi;1;2017-07-18 20:31:52 UTC;eth0;0.00;0.00;0.00;0.00;0.00;0.00;0.00;0.00
isaacpi;1;2017-07-18 20:31:53 UTC;wlan0;0.00;0.00;0.00;0.00;0.00;0.00;0.00;0.00
isaacpi;1;2017-07-18 20:31:53 UTC;docker0;0.00;0.00;0.00;0.00;0.00;0.00;0.00;0.00
isaacpi;1;2017-07-18 20:31:53 UTC;lo;0.00;0.00;0.00;0.00;0.00;0.00;0.00;0.00
isaacpi;1;2017-07-18 20:31:53 UTC;eth0;0.00;0.00;0.00;0.00;0.00;0.00;0.00;0.00
isaacpi;1;2017-07-18 20:31:54 UTC;wlan0;0.00;0.00;0.00;0.00;0.00;0.00;0.00;0.00
isaacpi;1;2017-07-18 20:31:54 UTC;docker0;0.00;0.00;0.00;0.00;0.00;0.00;0.00;0.00
isaacpi;1;2017-07-18 20:31:54 UTC;lo;0.00;0.00;0.00;0.00;0.00;0.00;0.00;0.00
isaacpi;1;2017-07-18 20:31:54 UTC;eth0;0.00;0.00;0.00;0.00;0.00;0.00;0.00;0.00
isaacpi;1;2017-07-18 20:31:55 UTC;wlan0;0.00;0.00;0.00;0.00;0.00;0.00;0.00;0.00
isaacpi;1;2017-07-18 20:31:55 UTC;docker0;0.00;0.00;0.00;0.00;0.00;0.00;0.00;0.00
isaacpi;1;2017-07-18 20:31:55 UTC;lo;0.00;0.00;0.00;0.00;0.00;0.00;0.00;0.00
isaacpi;1;2017-07-18 20:31:55 UTC;eth0;0.00;0.00;0.00;0.00;0.00;0.00;0.00;0.00
isaacpi;1;2017-07-18 20:31:56 UTC;wlan0;0.00;0.00;0.00;0.00;0.00;0.00;0.00;0.00
isaacpi;1;2017-07-18 20:31:56 UTC;docker0;0.00;0.00;0.00;0.00;0.00;0.00;0.00;0.00
isaacpi;1;2017-07-18 20:31:56 UTC;lo;0.00;0.00;0.00;0.00;0.00;0.00;0.00;0.00
isaacpi;1;2017-07-18 20:31:56 UTC;eth0;0.00;0.00;0.00;0.00;0.00;0.00;0.00;0.00
isaacpi;1;2017-07-18 20:31:57 UTC;wlan0;1.00;0.00;0.17;0.00;0.00;0.00;0.00;0.00
isaacpi;1;2017-07-18 20:31:57 UTC;docker0;0.00;0.00;0.00;0.00;0.00;0.00;0.00;0.00
isaacpi;1;2017-07-18 20:31:57 UTC;lo;0.00;0.00;0.00;0.00;0.00;0.00;0.00;0.00
isaacpi;1;2017-07-18 20:31:57 UTC;eth0;0.00;0.00;0.00;0.00;0.00;0.00;0.00;0.00
isaacpi;1;2017-07-18 20:31:58 UTC;wlan0;4.00;0.00;1.12;0.00;0.00;0.00;0.00;0.00
isaacpi;1;2017-07-18 20:31:58 UTC;docker0;0.00;0.00;0.00;0.00;0.00;0.00;0.00;0.00
isaacpi;1;2017-07-18 20:31:58 UTC;lo;0.00;0.00;0.00;0.00;0.00;0.00;0.00;0.00
isaacpi;1;2017-07-18 20:31:58 UTC;eth0;0.00;0.00;0.00;0.00;0.00;0.00;0.00;0.00
isaacpi;1;2017-07-18 20:31:59 UTC;wlan0;0.00;0.00;0.00;0.00;0.00;0.00;0.00;0.00
isaacpi;1;2017-07-18 20:31:59 UTC;docker0;0.00;0.00;0.00;0.00;0.00;0.00;0.00;0.00
isaacpi;1;2017-07-18 20:31:59 UTC;lo;0.00;0.00;0.00;0.00;0.00;0.00;0.00;0.00
isaacpi;1;2017-07-18 20:31:59 UTC;eth0;0.00;0.00;0.00;0.00;0.00;0.00;0.00;0.00
isaacpi;1;2017-07-18 20:32:00 UTC;wlan0;0.00;0.00;0.00;0.00;0.00;0.00;0.00;0.00
isaacpi;1;2017-07-18 20:32:00 UTC;docker0;0.00;0.00;0.00;0.00;0.00;0.00;0.00;0.00
isaacpi;1;2017-07-18 20:32:00 UTC;lo;0.00;0.00;0.00;0.00;0.00;0.00;0.00;0.00
isaacpi;1;2017-07-18 20:32:00 UTC;eth0;0.00;0.00;0.00;0.00;0.00;0.00;0.00;0.00
isaacpi;1;2017-07-18 20:32:01 UTC;wlan0;0.00;0.00;0.00;0.00;0.00;0.00;0.00;0.00
isaacpi;1;2017-07-18 20:32:01 UTC;docker0;0.00;0.00;0.00;0.00;0.00;0.00;0.00;0.00
isaacpi;1;2017-07-18 20:32:01 UTC;lo;0.00;0.00;0.00;0.00;0.00;0.00;0.00;0.00
isaacpi;1;2017-07-18 20:32:01 UTC;eth0;0.00;0.00;0.00;0.00;0.00;0.00;0.00;0.00
isaacpi;1;2017-07-18 20:32:02 UTC;wlan0;1.00;1.00;0.05;0.09;0.00;0.00;0.00;0.00
isaacpi;1;2017-07-18 20:32:02 UTC;docker0;0.00;0.00;0.00;0.00;0.00;0.00;0.00;0.00
isaacpi;1;2017-07-18 20:32:02 UTC;lo;0.00;0.00;0.00;0.00;0.00;0.00;0.00;0.00
isaacpi;1;2017-07-18 20:32:02 UTC;eth0;0.00;0.00;0.00;0.00;0.00;0.00;0.00;0.00
isaacpi;1;2017-07-18 20:32:03 UTC;wlan0;2.00;2.00;0.09;0.34;0.00;0.00;0.00;0.00
isaacpi;1;2017-07-18 20:32:03 UTC;docker0;0.00;0.00;0.00;0.00;0.00;0.00;0.00;0.00
isaacpi;1;2017-07-18 20:32:03 UTC;lo;0.00;0.00;0.00;0.00;0.00;0.00;0.00;0.00
isaacpi;1;2017-07-18 20:32:03 UTC;eth0;0.00;0.00;0.00;0.00;0.00;0.00;0.00;0.00
isaacpi;1;2017-07-18 20:32:04 UTC;wlan0;0.00;0.00;0.00;0.00;0.00;0.00;0.00;0.00
isaacpi;1;2017-07-18 20:32:04 UTC;docker0;0.00;0.00;0.00;0.00;0.00;0.00;0.00;0.00
isaacpi;1;2017-07-18 20:32:04 UTC;lo;0.00;0.00;0.00;0.00;0.00;0.00;0.00;0.00
isaacpi;1;2017-07-18 20:32:04 UTC;eth0;0.00;0.00;0.00;0.00;0.00;0.00;0.00;0.00
isaacpi;1;2017-07-18 20:32:05 UTC;wlan0;0.00;0.00;0.00;0.00;0.00;0.00;0.00;0.00
isaacpi;1;2017-07-18 20:32:05 UTC;docker0;0.00;0.00;0.00;0.00;0.00;0.00;0.00;0.00
isaacpi;1;2017-07-18 20:32:05 UTC;lo;0.00;0.00;0.00;0.00;0.00;0.00;0.00;0.00
isaacpi;1;2017-07-18 20:32:05 UTC;eth0;0.00;0.00;0.00;0.00;0.00;0.00;0.00;0.00
isaacpi;1;2017-07-18 20:32:06 UTC;wlan0;0.00;0.00;0.00;0.00;0.00;0.00;0.00;0.00
isaacpi;1;2017-07-18 20:32:06 UTC;docker0;0.00;0.00;0.00;0.00;0.00;0.00;0.00;0.00
isaacpi;1;2017-07-18 20:32:06 UTC;lo;0.00;0.00;0.00;0.00;0.00;0.00;0.00;0.00
isaacpi;1;2017-07-18 20:32:06 UTC;eth0;0.00;0.00;0.00;0.00;0.00;0.00;0.00;0.00
isaacpi;1;2017-07-18 20:32:07 UTC;wlan0;0.00;0.00;0.00;0.00;0.00;0.00;0.00;0.00
isaacpi;1;2017-07-18 20:32:07 UTC;docker0;0.00;0.00;0.00;0.00;0.00;0.00;0.00;0.00
isaacpi;1;2017-07-18 20:32:07 UTC;lo;0.00;0.00;0.00;0.00;0.00;0.00;0.00;0.00
isaacpi;1;2017-07-18 20:32:07 UTC;eth0;0.00;0.00;0.00;0.00;0.00;0.00;0.00;0.00
isaacpi;1;2017-07-18 20:32:08 UTC;wlan0;1.00;0.00;0.13;0.00;0.00;0.00;0.00;0.00
isaacpi;1;2017-07-18 20:32:08 UTC;docker0;0.00;0.00;0.00;0.00;0.00;0.00;0.00;0.00
isaacpi;1;2017-07-18 20:32:08 UTC;lo;0.00;0.00;0.00;0.00;0.00;0.00;0.00;0.00
isaacpi;1;2017-07-18 20:32:08 UTC;eth0;0.00;0.00;0.00;0.00;0.00;0.00;0.00;0.00
isaacpi;1;2017-07-18 20:32:09 UTC;wlan0;2.00;0.00;0.21;0.00;0.00;0.00;0.00;0.00
isaacpi;1;2017-07-18 20:32:09 UTC;docker0;0.00;0.00;0.00;0.00;0.00;0.00;0.00;0.00
isaacpi;1;2017-07-18 20:32:09 UTC;lo;0.00;0.00;0.00;0.00;0.00;0.00;0.00;0.00
isaacpi;1;2017-07-18 20:32:09 UTC;eth0;0.00;0.00;0.00;0.00;0.00;0.00;0.00;0.00
isaacpi;1;2017-07-18 20:32:10 UTC;wlan0;4.00;0.00;1.12;0.00;0.00;0.00;0.00;0.00
isaacpi;1;2017-07-18 20:32:10 UTC;docker0;0.00;0.00;0.00;0.00;0.00;0.00;0.00;0.00
isaacpi;1;2017-07-18 20:32:10 UTC;lo;0.00;0.00;0.00;0.00;0.00;0.00;0.00;0.00
isaacpi;1;2017-07-18 20:32:10 UTC;eth0;0.00;0.00;0.00;0.00;0.00;0.00;0.00;0.00
isaacpi;1;2017-07-18 20:32:11 UTC;wlan0;0.00;0.00;0.00;0.00;0.00;0.00;0.00;0.00
isaacpi;1;2017-07-18 20:32:11 UTC;docker0;0.00;0.00;0.00;0.00;0.00;0.00;0.00;0.00
isaacpi;1;2017-07-18 20:32:11 UTC;lo;0.00;0.00;0.00;0.00;0.00;0.00;0.00;0.00
isaacpi;1;2017-07-18 20:32:11 UTC;eth0;0.00;0.00;0.00;0.00;0.00;0.00;0.00;0.00
isaacpi;1;2017-07-18 20:32:12 UTC;wlan0;3.00;1.00;0.30;0.09;0.00;0.00;0.00;0.00
isaacpi;1;2017-07-18 20:32:12 UTC;docker0;0.00;0.00;0.00;0.00;0.00;0.00;0.00;0.00
isaacpi;1;2017-07-18 20:32:12 UTC;lo;0.00;0.00;0.00;0.00;0.00;0.00;0.00;0.00
isaacpi;1;2017-07-18 20:32:12 UTC;eth0;0.00;0.00;0.00;0.00;0.00;0.00;0.00;0.00
isaacpi;1;2017-07-18 20:32:13 UTC;wlan0;0.00;0.00;0.00;0.00;0.00;0.00;0.00;0.00
isaacpi;1;2017-07-18 20:32:13 UTC;docker0;0.00;0.00;0.00;0.00;0.00;0.00;0.00;0.00
isaacpi;1;2017-07-18 20:32:13 UTC;lo;0.00;0.00;0.00;0.00;0.00;0.00;0.00;0.00
isaacpi;1;2017-07-18 20:32:13 UTC;eth0;0.00;0.00;0.00;0.00;0.00;0.00;0.00;0.00
isaacpi;1;2017-07-18 20:32:14 UTC;wlan0;0.00;0.00;0.00;0.00;0.00;0.00;0.00;0.00
isaacpi;1;2017-07-18 20:32:14 UTC;docker0;0.00;0.00;0.00;0.00;0.00;0.00;0.00;0.00
isaacpi;1;2017-07-18 20:32:14 UTC;lo;0.00;0.00;0.00;0.00;0.00;0.00;0.00;0.00
isaacpi;1;2017-07-18 20:32:14 UTC;eth0;0.00;0.00;0.00;0.00;0.00;0.00;0.00;0.00
isaacpi;1;2017-07-18 20:32:15 UTC;wlan0;0.00;0.00;0.00;0.00;0.00;0.00;0.00;0.00
isaacpi;1;2017-07-18 20:32:15 UTC;docker0;0.00;0.00;0.00;0.00;0.00;0.00;0.00;0.00
isaacpi;1;2017-07-18 20:32:15 UTC;lo;0.00;0.00;0.00;0.00;0.00;0.00;0.00;0.00
isaacpi;1;2017-07-18 20:32:15 UTC;eth0;0.00;0.00;0.00;0.00;0.00;0.00;0.00;0.00
isaacpi;1;2017-07-18 20:32:16 UTC;wlan0;0.00;0.00;0.00;0.00;0.00;0.00;0.00;0.00
isaacpi;1;2017-07-18 20:32:16 UTC;docker0;0.00;0.00;0.00;0.00;0.00;0.00;0.00;0.00
isaacpi;1;2017-07-18 20:32:16 UTC;lo;0.00;0.00;0.00;0.00;0.00;0.00;0.00;0.00
isaacpi;1;2017-07-18 20:32:16 UTC;eth0;0.00;0.00;0.00;0.00;0.00;0.00;0.00;0.00
isaacpi;1;2017-07-18 20:32:17 UTC;wlan0;4.00;0.00;1.12;0.00;0.00;0.00;0.00;0.00
isaacpi;1;2017-07-18 20:32:17 UTC;docker0;0.00;0.00;0.00;0.00;0.00;0.00;0.00;0.00
isaacpi;1;2017-07-18 20:32:17 UTC;lo;0.00;0.00;0.00;0.00;0.00;0.00;0.00;0.00
isaacpi;1;2017-07-18 20:32:17 UTC;eth0;0.00;0.00;0.00;0.00;0.00;0.00;0.00;0.00
isaacpi;1;2017-07-18 20:32:18 UTC;wlan0;1.00;1.00;0.03;0.06;0.00;0.00;0.00;0.00
isaacpi;1;2017-07-18 20:32:18 UTC;docker0;0.00;0.00;0.00;0.00;0.00;0.00;0.00;0.00
isaacpi;1;2017-07-18 20:32:18 UTC;lo;0.00;0.00;0.00;0.00;0.00;0.00;0.00;0.00
isaacpi;1;2017-07-18 20:32:18 UTC;eth0;0.00;0.00;0.00;0.00;0.00;0.00;0.00;0.00
isaacpi;1;2017-07-18 20:32:19 UTC;wlan0;0.00;0.00;0.00;0.00;0.00;0.00;0.00;0.00
isaacpi;1;2017-07-18 20:32:19 UTC;docker0;0.00;0.00;0.00;0.00;0.00;0.00;0.00;0.00
isaacpi;1;2017-07-18 20:32:19 UTC;lo;0.00;0.00;0.00;0.00;0.00;0.00;0.00;0.00
isaacpi;1;2017-07-18 20:32:19 UTC;eth0;0.00;0.00;0.00;0.00;0.00;0.00;0.00;0.00
isaacpi;1;2017-07-18 20:32:20 UTC;wlan0;0.00;0.00;0.00;0.00;0.00;0.00;0.00;0.00
isaacpi;1;2017-07-18 20:32:20 UTC;docker0;0.00;0.00;0.00;0.00;0.00;0.00;0.00;0.00
isaacpi;1;2017-07-18 20:32:20 UTC;lo;0.00;0.00;0.00;0.00;0.00;0.00;0.00;0.00
isaacpi;1;2017-07-18 20:32:20 UTC;eth0;0.00;0.00;0.00;0.00;0.00;0.00;0.00;0.00
isaacpi;1;2017-07-18 20:32:21 UTC;wlan0;0.00;0.00;0.00;0.00;0.00;0.00;0.00;0.00
isaacpi;1;2017-07-18 20:32:21 UTC;docker0;0.00;0.00;0.00;0.00;0.00;0.00;0.00;0.00
isaacpi;1;2017-07-18 20:32:21 UTC;lo;0.00;0.00;0.00;0.00;0.00;0.00;0.00;0.00
isaacpi;1;2017-07-18 20:32:21 UTC;eth0;0.00;0.00;0.00;0.00;0.00;0.00;0.00;0.00
isaacpi;1;2017-07-18 20:32:22 UTC;wlan0;0.00;0.00;0.00;0.00;0.00;0.00;0.00;0.00
isaacpi;1;2017-07-18 20:32:22 UTC;docker0;0.00;0.00;0.00;0.00;0.00;0.00;0.00;0.00
isaacpi;1;2017-07-18 20:32:22 UTC;lo;0.00;0.00;0.00;0.00;0.00;0.00;0.00;0.00
isaacpi;1;2017-07-18 20:32:22 UTC;eth0;0.00;0.00;0.00;0.00;0.00;0.00;0.00;0.00
isaacpi;1;2017-07-18 20:32:23 UTC;wlan0;0.00;0.00;0.00;0.00;0.00;0.00;0.00;0.00
isaacpi;1;2017-07-18 20:32:23 UTC;docker0;0.00;0.00;0.00;0.00;0.00;0.00;0.00;0.00
isaacpi;1;2017-07-18 20:32:23 UTC;lo;0.00;0.00;0.00;0.00;0.00;0.00;0.00;0.00
isaacpi;1;2017-07-18 20:32:23 UTC;eth0;0.00;0.00;0.00;0.00;0.00;0.00;0.00;0.00
isaacpi;1;2017-07-18 20:32:24 UTC;wlan0;3.00;3.00;0.22;0.33;0.00;0.00;0.00;0.00
isaacpi;1;2017-07-18 20:32:24 UTC;docker0;0.00;0.00;0.00;0.00;0.00;0.00;0.00;0.00
isaacpi;1;2017-07-18 20:32:24 UTC;lo;0.00;0.00;0.00;0.00;0.00;0.00;0.00;0.00
isaacpi;1;2017-07-18 20:32:24 UTC;eth0;0.00;0.00;0.00;0.00;0.00;0.00;0.00;0.00
isaacpi;1;2017-07-18 20:32:25 UTC;wlan0;0.00;0.00;0.00;0.00;0.00;0.00;0.00;0.00
isaacpi;1;2017-07-18 20:32:25 UTC;docker0;0.00;0.00;0.00;0.00;0.00;0.00;0.00;0.00
isaacpi;1;2017-07-18 20:32:25 UTC;lo;0.00;0.00;0.00;0.00;0.00;0.00;0.00;0.00
isaacpi;1;2017-07-18 20:32:25 UTC;eth0;0.00;0.00;0.00;0.00;0.00;0.00;0.00;0.00
isaacpi;1;2017-07-18 20:32:26 UTC;wlan0;0.00;0.00;0.00;0.00;0.00;0.00;0.00;0.00
isaacpi;1;2017-07-18 20:32:26 UTC;docker0;0.00;0.00;0.00;0.00;0.00;0.00;0.00;0.00
isaacpi;1;2017-07-18 20:32:26 UTC;lo;0.00;0.00;0.00;0.00;0.00;0.00;0.00;0.00
isaacpi;1;2017-07-18 20:32:26 UTC;eth0;0.00;0.00;0.00;0.00;0.00;0.00;0.00;0.00
isaacpi;1;2017-07-18 20:32:27 UTC;wlan0;1.00;0.00;0.07;0.00;0.00;0.00;1.00;0.00
isaacpi;1;2017-07-18 20:32:27 UTC;docker0;0.00;0.00;0.00;0.00;0.00;0.00;0.00;0.00
isaacpi;1;2017-07-18 20:32:27 UTC;lo;0.00;0.00;0.00;0.00;0.00;0.00;0.00;0.00
isaacpi;1;2017-07-18 20:32:27 UTC;eth0;0.00;0.00;0.00;0.00;0.00;0.00;0.00;0.00
isaacpi;1;2017-07-18 20:32:28 UTC;wlan0;1.00;0.00;0.07;0.00;0.00;0.00;1.00;0.00
isaacpi;1;2017-07-18 20:32:28 UTC;docker0;0.00;0.00;0.00;0.00;0.00;0.00;0.00;0.00
isaacpi;1;2017-07-18 20:32:28 UTC;lo;0.00;0.00;0.00;0.00;0.00;0.00;0.00;0.00
isaacpi;1;2017-07-18 20:32:28 UTC;eth0;0.00;0.00;0.00;0.00;0.00;0.00;0.00;0.00
isaacpi;1;2017-07-18 20:32:29 UTC;wlan0;0.00;0.00;0.00;0.00;0.00;0.00;0.00;0.00
isaacpi;1;2017-07-18 20:32:29 UTC;docker0;0.00;0.00;0.00;0.00;0.00;0.00;0.00;0.00
isaacpi;1;2017-07-18 20:32:29 UTC;lo;0.00;0.00;0.00;0.00;0.00;0.00;0.00;0.00
isaacpi;1;2017-07-18 20:32:29 UTC;eth0;0.00;0.00;0.00;0.00;0.00;0.00;0.00;0.00
isaacpi;1;2017-07-18 20:32:30 UTC;wlan0;6.00;0.00;2.11;0.00;0.00;0.00;0.00;0.00
isaacpi;1;2017-07-18 20:32:30 UTC;docker0;0.00;0.00;0.00;0.00;0.00;0.00;0.00;0.00
isaacpi;1;2017-07-18 20:32:30 UTC;lo;0.00;0.00;0.00;0.00;0.00;0.00;0.00;0.00
isaacpi;1;2017-07-18 20:32:30 UTC;eth0;0.00;0.00;0.00;0.00;0.00;0.00;0.00;0.00
isaacpi;1;2017-07-18 20:32:31 UTC;wlan0;16.00;0.00;5.16;0.00;0.00;0.00;1.00;0.00
isaacpi;1;2017-07-18 20:32:31 UTC;docker0;0.00;0.00;0.00;0.00;0.00;0.00;0.00;0.00
isaacpi;1;2017-07-18 20:32:31 UTC;lo;0.00;0.00;0.00;0.00;0.00;0.00;0.00;0.00
isaacpi;1;2017-07-18 20:32:31 UTC;eth0;0.00;0.00;0.00;0.00;0.00;0.00;0.00;0.00
isaacpi;1;2017-07-18 20:32:32 UTC;wlan0;0.00;0.00;0.00;0.00;0.00;0.00;0.00;0.00
isaacpi;1;2017-07-18 20:32:32 UTC;docker0;0.00;0.00;0.00;0.00;0.00;0.00;0.00;0.00
isaacpi;1;2017-07-18 20:32:32 UTC;lo;0.00;0.00;0.00;0.00;0.00;0.00;0.00;0.00
isaacpi;1;2017-07-18 20:32:32 UTC;eth0;0.00;0.00;0.00;0.00;0.00;0.00;0.00;0.00
isaacpi;1;2017-07-18 20:32:33 UTC;wlan0;0.00;0.00;0.00;0.00;0.00;0.00;0.00;0.00
isaacpi;1;2017-07-18 20:32:33 UTC;docker0;0.00;0.00;0.00;0.00;0.00;0.00;0.00;0.00
isaacpi;1;2017-07-18 20:32:33 UTC;lo;0.00;0.00;0.00;0.00;0.00;0.00;0.00;0.00
isaacpi;1;2017-07-18 20:32:33 UTC;eth0;0.00;0.00;0.00;0.00;0.00;0.00;0.00;0.00
isaacpi;1;2017-07-18 20:32:34 UTC;wlan0;1.00;0.00;0.18;0.00;0.00;0.00;0.00;0.00
isaacpi;1;2017-07-18 20:32:34 UTC;docker0;0.00;0.00;0.00;0.00;0.00;0.00;0.00;0.00
isaacpi;1;2017-07-18 20:32:34 UTC;lo;0.00;0.00;0.00;0.00;0.00;0.00;0.00;0.00
isaacpi;1;2017-07-18 20:32:34 UTC;eth0;0.00;0.00;0.00;0.00;0.00;0.00;0.00;0.00
isaacpi;1;2017-07-18 20:32:35 UTC;wlan0;0.00;0.00;0.00;0.00;0.00;0.00;0.00;0.00
isaacpi;1;2017-07-18 20:32:35 UTC;docker0;0.00;0.00;0.00;0.00;0.00;0.00;0.00;0.00
isaacpi;1;2017-07-18 20:32:35 UTC;lo;0.00;0.00;0.00;0.00;0.00;0.00;0.00;0.00
isaacpi;1;2017-07-18 20:32:35 UTC;eth0;0.00;0.00;0.00;0.00;0.00;0.00;0.00;0.00
isaacpi;1;2017-07-18 20:32:36 UTC;wlan0;0.00;0.00;0.00;0.00;0.00;0.00;0.00;0.00
isaacpi;1;2017-07-18 20:32:36 UTC;docker0;0.00;0.00;0.00;0.00;0.00;0.00;0.00;0.00
isaacpi;1;2017-07-18 20:32:36 UTC;lo;0.00;0.00;0.00;0.00;0.00;0.00;0.00;0.00
isaacpi;1;2017-07-18 20:32:36 UTC;eth0;0.00;0.00;0.00;0.00;0.00;0.00;0.00;0.00
isaacpi;1;2017-07-18 20:32:37 UTC;wlan0;0.00;0.00;0.00;0.00;0.00;0.00;0.00;0.00
isaacpi;1;2017-07-18 20:32:37 UTC;docker0;0.00;0.00;0.00;0.00;0.00;0.00;0.00;0.00
isaacpi;1;2017-07-18 20:32:37 UTC;lo;0.00;0.00;0.00;0.00;0.00;0.00;0.00;0.00
isaacpi;1;2017-07-18 20:32:37 UTC;eth0;0.00;0.00;0.00;0.00;0.00;0.00;0.00;0.00
isaacpi;1;2017-07-18 20:32:38 UTC;wlan0;0.00;0.00;0.00;0.00;0.00;0.00;0.00;0.00
isaacpi;1;2017-07-18 20:32:38 UTC;docker0;0.00;0.00;0.00;0.00;0.00;0.00;0.00;0.00
isaacpi;1;2017-07-18 20:32:38 UTC;lo;0.00;0.00;0.00;0.00;0.00;0.00;0.00;0.00
isaacpi;1;2017-07-18 20:32:38 UTC;eth0;0.00;0.00;0.00;0.00;0.00;0.00;0.00;0.00
isaacpi;1;2017-07-18 20:32:39 UTC;wlan0;0.00;0.00;0.00;0.00;0.00;0.00;0.00;0.00
isaacpi;1;2017-07-18 20:32:39 UTC;docker0;0.00;0.00;0.00;0.00;0.00;0.00;0.00;0.00
isaacpi;1;2017-07-18 20:32:39 UTC;lo;0.00;0.00;0.00;0.00;0.00;0.00;0.00;0.00
isaacpi;1;2017-07-18 20:32:39 UTC;eth0;0.00;0.00;0.00;0.00;0.00;0.00;0.00;0.00
isaacpi;1;2017-07-18 20:32:40 UTC;wlan0;1.00;0.00;0.07;0.00;0.00;0.00;1.00;0.00
isaacpi;1;2017-07-18 20:32:40 UTC;docker0;0.00;0.00;0.00;0.00;0.00;0.00;0.00;0.00
isaacpi;1;2017-07-18 20:32:40 UTC;lo;0.00;0.00;0.00;0.00;0.00;0.00;0.00;0.00
isaacpi;1;2017-07-18 20:32:40 UTC;eth0;0.00;0.00;0.00;0.00;0.00;0.00;0.00;0.00
isaacpi;1;2017-07-18 20:32:41 UTC;wlan0;0.00;0.00;0.00;0.00;0.00;0.00;0.00;0.00
isaacpi;1;2017-07-18 20:32:41 UTC;docker0;0.00;0.00;0.00;0.00;0.00;0.00;0.00;0.00
isaacpi;1;2017-07-18 20:32:41 UTC;lo;0.00;0.00;0.00;0.00;0.00;0.00;0.00;0.00
isaacpi;1;2017-07-18 20:32:41 UTC;eth0;0.00;0.00;0.00;0.00;0.00;0.00;0.00;0.00
isaacpi;1;2017-07-18 20:32:42 UTC;wlan0;0.00;0.00;0.00;0.00;0.00;0.00;0.00;0.00
isaacpi;1;2017-07-18 20:32:42 UTC;docker0;0.00;0.00;0.00;0.00;0.00;0.00;0.00;0.00
isaacpi;1;2017-07-18 20:32:42 UTC;lo;0.00;0.00;0.00;0.00;0.00;0.00;0.00;0.00
isaacpi;1;2017-07-18 20:32:42 UTC;eth0;0.00;0.00;0.00;0.00;0.00;0.00;0.00;0.00
isaacpi;1;2017-07-18 20:32:43 UTC;wlan0;0.00;0.00;0.00;0.00;0.00;0.00;0.00;0.00
isaacpi;1;2017-07-18 20:32:43 UTC;docker0;0.00;0.00;0.00;0.00;0.00;0.00;0.00;0.00
isaacpi;1;2017-07-18 20:32:43 UTC;lo;0.00;0.00;0.00;0.00;0.00;0.00;0.00;0.00
isaacpi;1;2017-07-18 20:32:43 UTC;eth0;0.00;0.00;0.00;0.00;0.00;0.00;0.00;0.00
isaacpi;1;2017-07-18 20:32:44 UTC;wlan0;0.00;0.00;0.00;0.00;0.00;0.00;0.00;0.00
isaacpi;1;2017-07-18 20:32:44 UTC;docker0;0.00;0.00;0.00;0.00;0.00;0.00;0.00;0.00
isaacpi;1;2017-07-18 20:32:44 UTC;lo;0.00;0.00;0.00;0.00;0.00;0.00;0.00;0.00
isaacpi;1;2017-07-18 20:32:44 UTC;eth0;0.00;0.00;0.00;0.00;0.00;0.00;0.00;0.00
isaacpi;1;2017-07-18 20:32:45 UTC;wlan0;0.00;0.00;0.00;0.00;0.00;0.00;0.00;0.00
isaacpi;1;2017-07-18 20:32:45 UTC;docker0;0.00;0.00;0.00;0.00;0.00;0.00;0.00;0.00
isaacpi;1;2017-07-18 20:32:45 UTC;lo;0.00;0.00;0.00;0.00;0.00;0.00;0.00;0.00
isaacpi;1;2017-07-18 20:32:45 UTC;eth0;0.00;0.00;0.00;0.00;0.00;0.00;0.00;0.00
isaacpi;1;2017-07-18 20:32:46 UTC;wlan0;0.00;0.00;0.00;0.00;0.00;0.00;0.00;0.00
isaacpi;1;2017-07-18 20:32:46 UTC;docker0;0.00;0.00;0.00;0.00;0.00;0.00;0.00;0.00
isaacpi;1;2017-07-18 20:32:46 UTC;lo;0.00;0.00;0.00;0.00;0.00;0.00;0.00;0.00
isaacpi;1;2017-07-18 20:32:46 UTC;eth0;0.00;0.00;0.00;0.00;0.00;0.00;0.00;0.00
isaacpi;1;2017-07-18 20:32:47 UTC;wlan0;0.00;0.00;0.00;0.00;0.00;0.00;0.00;0.00
isaacpi;1;2017-07-18 20:32:47 UTC;docker0;0.00;0.00;0.00;0.00;0.00;0.00;0.00;0.00
isaacpi;1;2017-07-18 20:32:47 UTC;lo;0.00;0.00;0.00;0.00;0.00;0.00;0.00;0.00
isaacpi;1;2017-07-18 20:32:47 UTC;eth0;0.00;0.00;0.00;0.00;0.00;0.00;0.00;0.00
isaacpi;1;2017-07-18 20:32:48 UTC;wlan0;0.00;0.00;0.00;0.00;0.00;0.00;0.00;0.00
isaacpi;1;2017-07-18 20:32:48 UTC;docker0;0.00;0.00;0.00;0.00;0.00;0.00;0.00;0.00
isaacpi;1;2017-07-18 20:32:48 UTC;lo;0.00;0.00;0.00;0.00;0.00;0.00;0.00;0.00
isaacpi;1;2017-07-18 20:32:48 UTC;eth0;0.00;0.00;0.00;0.00;0.00;0.00;0.00;0.00
isaacpi;1;2017-07-18 20:32:49 UTC;wlan0;1.00;1.00;0.04;0.09;0.00;0.00;0.00;0.00
isaacpi;1;2017-07-18 20:32:49 UTC;docker0;0.00;0.00;0.00;0.00;0.00;0.00;0.00;0.00
isaacpi;1;2017-07-18 20:32:49 UTC;lo;0.00;0.00;0.00;0.00;0.00;0.00;0.00;0.00
isaacpi;1;2017-07-18 20:32:49 UTC;eth0;0.00;0.00;0.00;0.00;0.00;0.00;0.00;0.00
isaacpi;1;2017-07-18 20:32:50 UTC;wlan0;0.00;0.00;0.00;0.00;0.00;0.00;0.00;0.00
isaacpi;1;2017-07-18 20:32:50 UTC;docker0;0.00;0.00;0.00;0.00;0.00;0.00;0.00;0.00
isaacpi;1;2017-07-18 20:32:50 UTC;lo;0.00;0.00;0.00;0.00;0.00;0.00;0.00;0.00
isaacpi;1;2017-07-18 20:32:50 UTC;eth0;0.00;0.00;0.00;0.00;0.00;0.00;0.00;0.00
isaacpi;1;2017-07-18 20:32:51 UTC;wlan0;0.00;0.00;0.00;0.00;0.00;0.00;0.00;0.00
isaacpi;1;2017-07-18 20:32:51 UTC;docker0;0.00;0.00;0.00;0.00;0.00;0.00;0.00;0.00
isaacpi;1;2017-07-18 20:32:51 UTC;lo;0.00;0.00;0.00;0.00;0.00;0.00;0.00;0.00
isaacpi;1;2017-07-18 20:32:51 UTC;eth0;0.00;0.00;0.00;0.00;0.00;0.00;0.00;0.00
isaacpi;1;2017-07-18 20:32:52 UTC;wlan0;0.00;0.00;0.00;0.00;0.00;0.00;0.00;0.00
isaacpi;1;2017-07-18 20:32:52 UTC;docker0;0.00;0.00;0.00;0.00;0.00;0.00;0.00;0.00
isaacpi;1;2017-07-18 20:32:52 UTC;lo;0.00;0.00;0.00;0.00;0.00;0.00;0.00;0.00
isaacpi;1;2017-07-18 20:32:52 UTC;eth0;0.00;0.00;0.00;0.00;0.00;0.00;0.00;0.00
isaacpi;1;2017-07-18 20:32:53 UTC;wlan0;0.00;0.00;0.00;0.00;0.00;0.00;0.00;0.00
isaacpi;1;2017-07-18 20:32:53 UTC;docker0;0.00;0.00;0.00;0.00;0.00;0.00;0.00;0.00
isaacpi;1;2017-07-18 20:32:53 UTC;lo;0.00;0.00;0.00;0.00;0.00;0.00;0.00;0.00
isaacpi;1;2017-07-18 20:32:53 UTC;eth0;0.00;0.00;0.00;0.00;0.00;0.00;0.00;0.00
isaacpi;1;2017-07-18 20:32:54 UTC;wlan0;1.00;1.00;0.03;0.06;0.00;0.00;0.00;0.00
isaacpi;1;2017-07-18 20:32:54 UTC;docker0;0.00;0.00;0.00;0.00;0.00;0.00;0.00;0.00
isaacpi;1;2017-07-18 20:32:54 UTC;lo;0.00;0.00;0.00;0.00;0.00;0.00;0.00;0.00
isaacpi;1;2017-07-18 20:32:54 UTC;eth0;0.00;0.00;0.00;0.00;0.00;0.00;0.00;0.00
isaacpi;1;2017-07-18 20:32:55 UTC;wlan0;2.00;2.00;0.19;0.15;0.00;0.00;0.00;0.00
isaacpi;1;2017-07-18 20:32:55 UTC;docker0;0.00;0.00;0.00;0.00;0.00;0.00;0.00;0.00
isaacpi;1;2017-07-18 20:32:55 UTC;lo;0.00;0.00;0.00;0.00;0.00;0.00;0.00;0.00
isaacpi;1;2017-07-18 20:32:55 UTC;eth0;0.00;0.00;0.00;0.00;0.00;0.00;0.00;0.00
isaacpi;1;2017-07-18 20:32:56 UTC;wlan0;0.00;0.00;0.00;0.00;0.00;0.00;0.00;0.00
isaacpi;1;2017-07-18 20:32:56 UTC;docker0;0.00;0.00;0.00;0.00;0.00;0.00;0.00;0.00
isaacpi;1;2017-07-18 20:32:56 UTC;lo;0.00;0.00;0.00;0.00;0.00;0.00;0.00;0.00
isaacpi;1;2017-07-18 20:32:56 UTC;eth0;0.00;0.00;0.00;0.00;0.00;0.00;0.00;0.00
isaacpi;1;2017-07-18 20:32:57 UTC;wlan0;2.00;0.00;0.43;0.00;0.00;0.00;0.00;0.00
isaacpi;1;2017-07-18 20:32:57 UTC;docker0;0.00;0.00;0.00;0.00;0.00;0.00;0.00;0.00
isaacpi;1;2017-07-18 20:32:57 UTC;lo;0.00;0.00;0.00;0.00;0.00;0.00;0.00;0.00
isaacpi;1;2017-07-18 20:32:57 UTC;eth0;0.00;0.00;0.00;0.00;0.00;0.00;0.00;0.00
isaacpi;1;2017-07-18 20:32:58 UTC;wlan0;1.00;0.00;0.21;0.00;0.00;0.00;0.00;0.00
isaacpi;1;2017-07-18 20:32:58 UTC;docker0;0.00;0.00;0.00;0.00;0.00;0.00;0.00;0.00
isaacpi;1;2017-07-18 20:32:58 UTC;lo;0.00;0.00;0.00;0.00;0.00;0.00;0.00;0.00
isaacpi;1;2017-07-18 20:32:58 UTC;eth0;0.00;0.00;0.00;0.00;0.00;0.00;0.00;0.00
isaacpi;1;2017-07-18 20:32:59 UTC;wlan0;2.00;1.00;0.11;0.11;0.00;0.00;0.00;0.00
isaacpi;1;2017-07-18 20:32:59 UTC;docker0;0.00;0.00;0.00;0.00;0.00;0.00;0.00;0.00
isaacpi;1;2017-07-18 20:32:59 UTC;lo;0.00;0.00;0.00;0.00;0.00;0.00;0.00;0.00
isaacpi;1;2017-07-18 20:32:59 UTC;eth0;0.00;0.00;0.00;0.00;0.00;0.00;0.00;0.00
isaacpi;1;2017-07-18 20:33:00 UTC;wlan0;2.00;2.00;0.05;0.13;0.00;0.00;0.00;0.00
isaacpi;1;2017-07-18 20:33:00 UTC;docker0;0.00;0.00;0.00;0.00;0.00;0.00;0.00;0.00
isaacpi;1;2017-07-18 20:33:00 UTC;lo;0.00;0.00;0.00;0.00;0.00;0.00;0.00;0.00
isaacpi;1;2017-07-18 20:33:00 UTC;eth0;0.00;0.00;0.00;0.00;0.00;0.00;0.00;0.00
isaacpi;1;2017-07-18 20:33:01 UTC;wlan0;3.00;2.00;0.19;0.30;0.00;0.00;0.00;0.00
isaacpi;1;2017-07-18 20:33:01 UTC;docker0;0.00;0.00;0.00;0.00;0.00;0.00;0.00;0.00
isaacpi;1;2017-07-18 20:33:01 UTC;lo;0.00;0.00;0.00;0.00;0.00;0.00;0.00;0.00
isaacpi;1;2017-07-18 20:33:01 UTC;eth0;0.00;0.00;0.00;0.00;0.00;0.00;0.00;0.00
isaacpi;1;2017-07-18 20:33:02 UTC;wlan0;0.00;0.00;0.00;0.00;0.00;0.00;0.00;0.00
isaacpi;1;2017-07-18 20:33:02 UTC;docker0;0.00;0.00;0.00;0.00;0.00;0.00;0.00;0.00
isaacpi;1;2017-07-18 20:33:02 UTC;lo;0.00;0.00;0.00;0.00;0.00;0.00;0.00;0.00
isaacpi;1;2017-07-18 20:33:02 UTC;eth0;0.00;0.00;0.00;0.00;0.00;0.00;0.00;0.00
isaacpi;1;2017-07-18 20:33:03 UTC;wlan0;0.00;1.00;0.00;0.09;0.00;0.00;0.00;0.00
isaacpi;1;2017-07-18 20:33:03 UTC;docker0;0.00;0.00;0.00;0.00;0.00;0.00;0.00;0.00
isaacpi;1;2017-07-18 20:33:03 UTC;lo;0.00;0.00;0.00;0.00;0.00;0.00;0.00;0.00
isaacpi;1;2017-07-18 20:33:03 UTC;eth0;0.00;0.00;0.00;0.00;0.00;0.00;0.00;0.00
isaacpi;1;2017-07-18 20:33:04 UTC;wlan0;1.00;0.00;0.05;0.00;0.00;0.00;0.00;0.00
isaacpi;1;2017-07-18 20:33:04 UTC;docker0;0.00;0.00;0.00;0.00;0.00;0.00;0.00;0.00
isaacpi;1;2017-07-18 20:33:04 UTC;lo;0.00;0.00;0.00;0.00;0.00;0.00;0.00;0.00
isaacpi;1;2017-07-18 20:33:04 UTC;eth0;0.00;0.00;0.00;0.00;0.00;0.00;0.00;0.00
isaacpi;1;2017-07-18 20:33:05 UTC;wlan0;0.00;0.00;0.00;0.00;0.00;0.00;0.00;0.00
isaacpi;1;2017-07-18 20:33:05 UTC;docker0;0.00;0.00;0.00;0.00;0.00;0.00;0.00;0.00
isaacpi;1;2017-07-18 20:33:05 UTC;lo;0.00;0.00;0.00;0.00;0.00;0.00;0.00;0.00
isaacpi;1;2017-07-18 20:33:05 UTC;eth0;0.00;0.00;0.00;0.00;0.00;0.00;0.00;0.00
